#pragma once

#include <stdint.h>

/* Generated from font/Share-TechMono.ttf by tools/generate_bitmap_font.py. */
#define SHARE_TECH_MONO_FIRST_CHAR 32
#define SHARE_TECH_MONO_LAST_CHAR  90
#define SHARE_TECH_MONO_DEGREE_INDEX 59

typedef struct {
    uint8_t width;
    uint8_t height;
    uint8_t stride;
    const uint8_t *data;
} bitmap_font_t;

static const uint8_t s_share_tech_mono_status_data[2160] = {
    0x00, 0x00, 0x00, 0x00, 0x00, 0x00, 0x00, 0x00, 0x00, 0x00, 0x00, 0x00, 0x00, 0x00, 0x00, 0x00,
    0x00, 0x00, 0x00, 0x00, 0x00, 0x00, 0x00, 0x00, 0x00, 0x00, 0x00, 0x00, 0x00, 0x00, 0x00, 0x00,
    0x00, 0x00, 0x00, 0x00, 0x00, 0x00, 0x00, 0x00, 0x0c, 0x00, 0x0c, 0x00, 0x0c, 0x00, 0x0c, 0x00,
    0x0c, 0x00, 0x0c, 0x00, 0x0c, 0x00, 0x0c, 0x00, 0x0c, 0x00, 0x00, 0x00, 0x00, 0x00, 0x0c, 0x00,
    0x0c, 0x00, 0x00, 0x00, 0x00, 0x00, 0x00, 0x00, 0x00, 0x00, 0x00, 0x00, 0x1e, 0x00, 0x1e, 0x00,
    0x1e, 0x00, 0x1e, 0x00, 0x1e, 0x00, 0x00, 0x00, 0x00, 0x00, 0x00, 0x00, 0x00, 0x00, 0x00, 0x00,
    0x00, 0x00, 0x00, 0x00, 0x00, 0x00, 0x00, 0x00, 0x00, 0x00, 0x00, 0x00, 0x00, 0x00, 0x00, 0x00,
    0x12, 0x00, 0x12, 0x00, 0x12, 0x00, 0x12, 0x00, 0x3f, 0x00, 0x12, 0x00, 0x12, 0x00, 0x12, 0x00,
    0x12, 0x00, 0x3f, 0x00, 0x12, 0x00, 0x12, 0x00, 0x12, 0x00, 0x00, 0x00, 0x00, 0x00, 0x00, 0x00,
    0x00, 0x00, 0x0c, 0x00, 0x0c, 0x00, 0x1f, 0x00, 0x30, 0x00, 0x30, 0x00, 0x30, 0x00, 0x30, 0x00,
    0x1e, 0x00, 0x03, 0x00, 0x03, 0x00, 0x03, 0x00, 0x03, 0x00, 0x03, 0x00, 0x3e, 0x00, 0x0c, 0x00,
    0x0c, 0x00, 0x00, 0x00, 0x00, 0x00, 0x00, 0x00, 0x70, 0x00, 0x48, 0x00, 0x48, 0x00, 0x48, 0x00,
    0x48, 0x00, 0x70, 0x00, 0x1f, 0x80, 0xe0, 0x00, 0x07, 0x00, 0x04, 0x80, 0x0c, 0x80, 0x04, 0x80,
    0x07, 0x00, 0x00, 0x00, 0x00, 0x00, 0x00, 0x00, 0x00, 0x00, 0x00, 0x00, 0x3c, 0x00, 0x60, 0x00,
    0x60, 0x00, 0x60, 0x00, 0x60, 0x00, 0x3f, 0x00, 0x62, 0x00, 0x62, 0x00, 0x62, 0x00, 0x62, 0x00,
    0x62, 0x00, 0x62, 0x00, 0x3e, 0x00, 0x00, 0x00, 0x00, 0x00, 0x00, 0x00, 0x00, 0x00, 0x00, 0x00,
    0x0c, 0x00, 0x0c, 0x00, 0x0c, 0x00, 0x0c, 0x00, 0x0c, 0x00, 0x00, 0x00, 0x00, 0x00, 0x00, 0x00,
    0x00, 0x00, 0x00, 0x00, 0x00, 0x00, 0x00, 0x00, 0x00, 0x00, 0x00, 0x00, 0x00, 0x00, 0x00, 0x00,
    0x06, 0x00, 0x0c, 0x00, 0x08, 0x00, 0x18, 0x00, 0x18, 0x00, 0x18, 0x00, 0x18, 0x00, 0x18, 0x00,
    0x18, 0x00, 0x18, 0x00, 0x18, 0x00, 0x18, 0x00, 0x18, 0x00, 0x18, 0x00, 0x08, 0x00, 0x0c, 0x00,
    0x06, 0x00, 0x00, 0x00, 0x18, 0x00, 0x0c, 0x00, 0x04, 0x00, 0x06, 0x00, 0x06, 0x00, 0x06, 0x00,
    0x06, 0x00, 0x06, 0x00, 0x06, 0x00, 0x06, 0x00, 0x06, 0x00, 0x06, 0x00, 0x06, 0x00, 0x06, 0x00,
    0x04, 0x00, 0x0c, 0x00, 0x18, 0x00, 0x00, 0x00, 0x00, 0x00, 0x00, 0x00, 0x0c, 0x00, 0x0c, 0x00,
    0x3b, 0x00, 0x5e, 0x00, 0x1c, 0x00, 0x32, 0x00, 0x13, 0x00, 0x00, 0x00, 0x00, 0x00, 0x00, 0x00,
    0x00, 0x00, 0x00, 0x00, 0x00, 0x00, 0x00, 0x00, 0x00, 0x00, 0x00, 0x00, 0x00, 0x00, 0x00, 0x00,
    0x00, 0x00, 0x00, 0x00, 0x00, 0x00, 0x00, 0x00, 0x08, 0x00, 0x08, 0x00, 0x08, 0x00, 0x7f, 0x00,
    0x08, 0x00, 0x08, 0x00, 0x08, 0x00, 0x00, 0x00, 0x00, 0x00, 0x00, 0x00, 0x00, 0x00, 0x00, 0x00,
    0x00, 0x00, 0x00, 0x00, 0x00, 0x00, 0x00, 0x00, 0x00, 0x00, 0x00, 0x00, 0x00, 0x00, 0x00, 0x00,
    0x00, 0x00, 0x00, 0x00, 0x00, 0x00, 0x00, 0x00, 0x00, 0x00, 0x0c, 0x00, 0x0c, 0x00, 0x0c, 0x00,
    0x08, 0x00, 0x18, 0x00, 0x00, 0x00, 0x00, 0x00, 0x00, 0x00, 0x00, 0x00, 0x00, 0x00, 0x00, 0x00,
    0x00, 0x00, 0x00, 0x00, 0x00, 0x00, 0x3f, 0x00, 0x00, 0x00, 0x00, 0x00, 0x00, 0x00, 0x00, 0x00,
    0x00, 0x00, 0x00, 0x00, 0x00, 0x00, 0x00, 0x00, 0x00, 0x00, 0x00, 0x00, 0x00, 0x00, 0x00, 0x00,
    0x00, 0x00, 0x00, 0x00, 0x00, 0x00, 0x00, 0x00, 0x00, 0x00, 0x00, 0x00, 0x00, 0x00, 0x00, 0x00,
    0x00, 0x00, 0x0c, 0x00, 0x0c, 0x00, 0x00, 0x00, 0x00, 0x00, 0x00, 0x00, 0x01, 0x80, 0x01, 0x00,
    0x03, 0x00, 0x02, 0x00, 0x02, 0x00, 0x06, 0x00, 0x04, 0x00, 0x0c, 0x00, 0x0c, 0x00, 0x08, 0x00,
    0x18, 0x00, 0x10, 0x00, 0x10, 0x00, 0x30, 0x00, 0x20, 0x00, 0x60, 0x00, 0x60, 0x00, 0x00, 0x00,
    0x00, 0x00, 0x00, 0x00, 0x1e, 0x00, 0x33, 0x00, 0x33, 0x00, 0x33, 0x00, 0x37, 0x00, 0x37, 0x00,
    0x37, 0x00, 0x3b, 0x00, 0x3b, 0x00, 0x33, 0x00, 0x33, 0x00, 0x33, 0x00, 0x1e, 0x00, 0x00, 0x00,
    0x00, 0x00, 0x00, 0x00, 0x00, 0x00, 0x00, 0x00, 0x1c, 0x00, 0x7c, 0x00, 0x0c, 0x00, 0x0c, 0x00,
    0x0c, 0x00, 0x0c, 0x00, 0x0c, 0x00, 0x0c, 0x00, 0x0c, 0x00, 0x0c, 0x00, 0x0c, 0x00, 0x0c, 0x00,
    0x3f, 0x00, 0x00, 0x00, 0x00, 0x00, 0x00, 0x00, 0x00, 0x00, 0x00, 0x00, 0x3c, 0x00, 0x03, 0x00,
    0x03, 0x00, 0x03, 0x00, 0x03, 0x00, 0x03, 0x00, 0x06, 0x00, 0x0e, 0x00, 0x0c, 0x00, 0x18, 0x00,
    0x18, 0x00, 0x30, 0x00, 0x3f, 0x00, 0x00, 0x00, 0x00, 0x00, 0x00, 0x00, 0x00, 0x00, 0x00, 0x00,
    0x3e, 0x00, 0x03, 0x00, 0x03, 0x00, 0x03, 0x00, 0x03, 0x00, 0x03, 0x00, 0x1e, 0x00, 0x03, 0x00,
    0x03, 0x00, 0x03, 0x00, 0x03, 0x00, 0x03, 0x00, 0x3e, 0x00, 0x00, 0x00, 0x00, 0x00, 0x00, 0x00,
    0x00, 0x00, 0x00, 0x00, 0x18, 0x00, 0x10, 0x00, 0x10, 0x00, 0x30, 0x00, 0x30, 0x00, 0x36, 0x00,
    0x26, 0x00, 0x66, 0x00, 0x66, 0x00, 0x7f, 0x00, 0x06, 0x00, 0x06, 0x00, 0x06, 0x00, 0x00, 0x00,
    0x00, 0x00, 0x00, 0x00, 0x00, 0x00, 0x00, 0x00, 0x3e, 0x00, 0x30, 0x00, 0x30, 0x00, 0x30, 0x00,
    0x30, 0x00, 0x30, 0x00, 0x3e, 0x00, 0x03, 0x00, 0x03, 0x00, 0x03, 0x00, 0x03, 0x00, 0x03, 0x00,
    0x3e, 0x00, 0x00, 0x00, 0x00, 0x00, 0x00, 0x00, 0x00, 0x00, 0x00, 0x00, 0x1f, 0x00, 0x30, 0x00,
    0x30, 0x00, 0x30, 0x00, 0x30, 0x00, 0x3e, 0x00, 0x33, 0x00, 0x33, 0x00, 0x33, 0x00, 0x33, 0x00,
    0x33, 0x00, 0x33, 0x00, 0x1e, 0x00, 0x00, 0x00, 0x00, 0x00, 0x00, 0x00, 0x00, 0x00, 0x00, 0x00,
    0x3f, 0x00, 0x03, 0x00, 0x03, 0x00, 0x02, 0x00, 0x06, 0x00, 0x06, 0x00, 0x04, 0x00, 0x0c, 0x00,
    0x0c, 0x00, 0x0c, 0x00, 0x08, 0x00, 0x18, 0x00, 0x18, 0x00, 0x00, 0x00, 0x00, 0x00, 0x00, 0x00,
    0x00, 0x00, 0x00, 0x00, 0x3e, 0x00, 0x63, 0x00, 0x63, 0x00, 0x63, 0x00, 0x63, 0x00, 0x63, 0x00,
    0x3e, 0x00, 0x63, 0x00, 0x63, 0x00, 0x63, 0x00, 0x63, 0x00, 0x63, 0x00, 0x3e, 0x00, 0x00, 0x00,
    0x00, 0x00, 0x00, 0x00, 0x00, 0x00, 0x00, 0x00, 0x1e, 0x00, 0x33, 0x00, 0x33, 0x00, 0x33, 0x00,
    0x33, 0x00, 0x33, 0x00, 0x33, 0x00, 0x1f, 0x00, 0x03, 0x00, 0x03, 0x00, 0x03, 0x00, 0x03, 0x00,
    0x3e, 0x00, 0x00, 0x00, 0x00, 0x00, 0x00, 0x00, 0x00, 0x00, 0x00, 0x00, 0x00, 0x00, 0x00, 0x00,
    0x00, 0x00, 0x00, 0x00, 0x0c, 0x00, 0x0c, 0x00, 0x00, 0x00, 0x00, 0x00, 0x00, 0x00, 0x00, 0x00,
    0x00, 0x00, 0x0c, 0x00, 0x0c, 0x00, 0x00, 0x00, 0x00, 0x00, 0x00, 0x00, 0x00, 0x00, 0x00, 0x00,
    0x00, 0x00, 0x00, 0x00, 0x00, 0x00, 0x00, 0x00, 0x0c, 0x00, 0x0c, 0x00, 0x00, 0x00, 0x00, 0x00,
    0x00, 0x00, 0x00, 0x00, 0x00, 0x00, 0x00, 0x00, 0x0c, 0x00, 0x0c, 0x00, 0x0c, 0x00, 0x18, 0x00,
    0x00, 0x00, 0x00, 0x00, 0x00, 0x00, 0x00, 0x00, 0x00, 0x00, 0x01, 0x00, 0x07, 0x00, 0x1c, 0x00,
    0x70, 0x00, 0x70, 0x00, 0x1c, 0x00, 0x07, 0x00, 0x01, 0x00, 0x00, 0x00, 0x00, 0x00, 0x00, 0x00,
    0x00, 0x00, 0x00, 0x00, 0x00, 0x00, 0x00, 0x00, 0x00, 0x00, 0x00, 0x00, 0x00, 0x00, 0x00, 0x00,
    0x00, 0x00, 0x7f, 0x00, 0x00, 0x00, 0x00, 0x00, 0x00, 0x00, 0x7f, 0x00, 0x00, 0x00, 0x00, 0x00,
    0x00, 0x00, 0x00, 0x00, 0x00, 0x00, 0x00, 0x00, 0x00, 0x00, 0x00, 0x00, 0x00, 0x00, 0x00, 0x00,
    0x00, 0x00, 0x60, 0x00, 0x78, 0x00, 0x0e, 0x00, 0x03, 0x00, 0x03, 0x00, 0x1e, 0x00, 0x78, 0x00,
    0x60, 0x00, 0x00, 0x00, 0x00, 0x00, 0x00, 0x00, 0x00, 0x00, 0x00, 0x00, 0x00, 0x00, 0x00, 0x00,
    0x3e, 0x00, 0x03, 0x00, 0x03, 0x00, 0x03, 0x00, 0x07, 0x00, 0x0e, 0x00, 0x18, 0x00, 0x18, 0x00,
    0x00, 0x00, 0x00, 0x00, 0x00, 0x00, 0x18, 0x00, 0x18, 0x00, 0x00, 0x00, 0x00, 0x00, 0x00, 0x00,
    0x00, 0x00, 0x00, 0x00, 0x3f, 0x00, 0x40, 0x80, 0x40, 0x80, 0x4e, 0x80, 0x52, 0x80, 0x52, 0x80,
    0x52, 0x80, 0x52, 0x80, 0x52, 0x80, 0x5e, 0x80, 0x41, 0x80, 0x40, 0x00, 0x3e, 0x00, 0x00, 0x00,
    0x00, 0x00, 0x00, 0x00, 0x00, 0x00, 0x00, 0x00, 0x0c, 0x00, 0x0c, 0x00, 0x1c, 0x00, 0x1e, 0x00,
    0x16, 0x00, 0x12, 0x00, 0x32, 0x00, 0x33, 0x00, 0x33, 0x00, 0x3f, 0x00, 0x61, 0x00, 0x61, 0x80,
    0x61, 0x80, 0x00, 0x00, 0x00, 0x00, 0x00, 0x00, 0x00, 0x00, 0x00, 0x00, 0x7e, 0x00, 0x63, 0x00,
    0x63, 0x00, 0x63, 0x00, 0x63, 0x00, 0x63, 0x00, 0x7e, 0x00, 0x63, 0x00, 0x63, 0x00, 0x63, 0x00,
    0x63, 0x00, 0x63, 0x00, 0x7e, 0x00, 0x00, 0x00, 0x00, 0x00, 0x00, 0x00, 0x00, 0x00, 0x00, 0x00,
    0x1f, 0x00, 0x30, 0x00, 0x30, 0x00, 0x30, 0x00, 0x30, 0x00, 0x30, 0x00, 0x30, 0x00, 0x30, 0x00,
    0x30, 0x00, 0x30, 0x00, 0x30, 0x00, 0x30, 0x00, 0x1f, 0x00, 0x00, 0x00, 0x00, 0x00, 0x00, 0x00,
    0x00, 0x00, 0x00, 0x00, 0x7f, 0x00, 0x61, 0x80, 0x61, 0x80, 0x61, 0x80, 0x61, 0x80, 0x61, 0x80,
    0x61, 0x80, 0x61, 0x80, 0x61, 0x80, 0x61, 0x80, 0x61, 0x80, 0x61, 0x80, 0x7f, 0x00, 0x00, 0x00,
    0x00, 0x00, 0x00, 0x00, 0x00, 0x00, 0x00, 0x00, 0x3f, 0x00, 0x30, 0x00, 0x30, 0x00, 0x30, 0x00,
    0x30, 0x00, 0x30, 0x00, 0x3f, 0x00, 0x30, 0x00, 0x30, 0x00, 0x30, 0x00, 0x30, 0x00, 0x30, 0x00,
    0x3f, 0x00, 0x00, 0x00, 0x00, 0x00, 0x00, 0x00, 0x00, 0x00, 0x00, 0x00, 0x3f, 0x00, 0x30, 0x00,
    0x30, 0x00, 0x30, 0x00, 0x30, 0x00, 0x30, 0x00, 0x3f, 0x00, 0x30, 0x00, 0x30, 0x00, 0x30, 0x00,
    0x30, 0x00, 0x30, 0x00, 0x30, 0x00, 0x00, 0x00, 0x00, 0x00, 0x00, 0x00, 0x00, 0x00, 0x00, 0x00,
    0x1f, 0x00, 0x30, 0x00, 0x30, 0x00, 0x30, 0x00, 0x30, 0x00, 0x30, 0x00, 0x30, 0x00, 0x3f, 0x00,
    0x33, 0x00, 0x33, 0x00, 0x33, 0x00, 0x33, 0x00, 0x1f, 0x00, 0x00, 0x00, 0x00, 0x00, 0x00, 0x00,
    0x00, 0x00, 0x00, 0x00, 0x61, 0x80, 0x61, 0x80, 0x61, 0x80, 0x61, 0x80, 0x61, 0x80, 0x61, 0x80,
    0x7f, 0x80, 0x61, 0x80, 0x61, 0x80, 0x61, 0x80, 0x61, 0x80, 0x61, 0x80, 0x61, 0x80, 0x00, 0x00,
    0x00, 0x00, 0x00, 0x00, 0x00, 0x00, 0x00, 0x00, 0x3f, 0x00, 0x0c, 0x00, 0x0c, 0x00, 0x0c, 0x00,
    0x0c, 0x00, 0x0c, 0x00, 0x0c, 0x00, 0x0c, 0x00, 0x0c, 0x00, 0x0c, 0x00, 0x0c, 0x00, 0x0c, 0x00,
    0x3f, 0x00, 0x00, 0x00, 0x00, 0x00, 0x00, 0x00, 0x00, 0x00, 0x00, 0x00, 0x1f, 0x00, 0x03, 0x00,
    0x03, 0x00, 0x03, 0x00, 0x03, 0x00, 0x03, 0x00, 0x03, 0x00, 0x03, 0x00, 0x03, 0x00, 0x03, 0x00,
    0x03, 0x00, 0x03, 0x00, 0x3e, 0x00, 0x00, 0x00, 0x00, 0x00, 0x00, 0x00, 0x00, 0x00, 0x00, 0x00,
    0x63, 0x00, 0x66, 0x00, 0x66, 0x00, 0x6c, 0x00, 0x68, 0x00, 0x78, 0x00, 0x78, 0x00, 0x6c, 0x00,
    0x6c, 0x00, 0x66, 0x00, 0x66, 0x00, 0x63, 0x00, 0x63, 0x00, 0x00, 0x00, 0x00, 0x00, 0x00, 0x00,
    0x00, 0x00, 0x00, 0x00, 0x30, 0x00, 0x30, 0x00, 0x30, 0x00, 0x30, 0x00, 0x30, 0x00, 0x30, 0x00,
    0x30, 0x00, 0x30, 0x00, 0x30, 0x00, 0x30, 0x00, 0x30, 0x00, 0x30, 0x00, 0x3f, 0x00, 0x00, 0x00,
    0x00, 0x00, 0x00, 0x00, 0x00, 0x00, 0x00, 0x00, 0x73, 0x80, 0x73, 0x80, 0x73, 0x80, 0x52, 0x80,
    0x5a, 0x80, 0x5e, 0x80, 0x4c, 0x80, 0x4c, 0x80, 0x40, 0x80, 0x40, 0x80, 0x40, 0x80, 0x40, 0x80,
    0x40, 0x80, 0x00, 0x00, 0x00, 0x00, 0x00, 0x00, 0x00, 0x00, 0x00, 0x00, 0x70, 0x80, 0x78, 0x80,
    0x78, 0x80, 0x58, 0x80, 0x5c, 0x80, 0x5c, 0x80, 0x4c, 0x80, 0x4e, 0x80, 0x4e, 0x80, 0x46, 0x80,
    0x47, 0x80, 0x47, 0x80, 0x47, 0x80, 0x00, 0x00, 0x00, 0x00, 0x00, 0x00, 0x00, 0x00, 0x00, 0x00,
    0x3f, 0x00, 0x61, 0x80, 0x61, 0x80, 0x61, 0x80, 0x61, 0x80, 0x61, 0x80, 0x61, 0x80, 0x61, 0x80,
    0x61, 0x80, 0x61, 0x80, 0x61, 0x80, 0x61, 0x80, 0x3f, 0x00, 0x00, 0x00, 0x00, 0x00, 0x00, 0x00,
    0x00, 0x00, 0x00, 0x00, 0x3e, 0x00, 0x33, 0x00, 0x33, 0x00, 0x33, 0x00, 0x33, 0x00, 0x33, 0x00,
    0x33, 0x00, 0x3e, 0x00, 0x30, 0x00, 0x30, 0x00, 0x30, 0x00, 0x30, 0x00, 0x30, 0x00, 0x00, 0x00,
    0x00, 0x00, 0x00, 0x00, 0x00, 0x00, 0x00, 0x00, 0x3f, 0x00, 0x61, 0x80, 0x61, 0x80, 0x61, 0x80,
    0x61, 0x80, 0x61, 0x80, 0x61, 0x80, 0x61, 0x80, 0x61, 0x80, 0x61, 0x80, 0x61, 0x80, 0x61, 0x80,
    0x3f, 0x80, 0x00, 0xc0, 0x00, 0x00, 0x00, 0x00, 0x00, 0x00, 0x00, 0x00, 0x7e, 0x00, 0x63, 0x00,
    0x63, 0x00, 0x63, 0x00, 0x63, 0x00, 0x63, 0x00, 0x62, 0x00, 0x7c, 0x00, 0x66, 0x00, 0x66, 0x00,
    0x62, 0x00, 0x63, 0x00, 0x61, 0x80, 0x00, 0x00, 0x00, 0x00, 0x00, 0x00, 0x00, 0x00, 0x00, 0x00,
    0x1f, 0x00, 0x30, 0x00, 0x30, 0x00, 0x30, 0x00, 0x30, 0x00, 0x30, 0x00, 0x1e, 0x00, 0x03, 0x00,
    0x03, 0x00, 0x03, 0x00, 0x03, 0x00, 0x03, 0x00, 0x3e, 0x00, 0x00, 0x00, 0x00, 0x00, 0x00, 0x00,
    0x00, 0x00, 0x00, 0x00, 0x7f, 0x80, 0x0c, 0x00, 0x0c, 0x00, 0x0c, 0x00, 0x0c, 0x00, 0x0c, 0x00,
    0x0c, 0x00, 0x0c, 0x00, 0x0c, 0x00, 0x0c, 0x00, 0x0c, 0x00, 0x0c, 0x00, 0x0c, 0x00, 0x00, 0x00,
    0x00, 0x00, 0x00, 0x00, 0x00, 0x00, 0x00, 0x00, 0x61, 0x80, 0x61, 0x80, 0x61, 0x80, 0x61, 0x80,
    0x61, 0x80, 0x61, 0x80, 0x61, 0x80, 0x61, 0x80, 0x61, 0x80, 0x61, 0x80, 0x61, 0x80, 0x61, 0x80,
    0x3f, 0x00, 0x00, 0x00, 0x00, 0x00, 0x00, 0x00, 0x00, 0x00, 0x00, 0x00, 0x61, 0x80, 0x61, 0x00,
    0x21, 0x00, 0x23, 0x00, 0x23, 0x00, 0x32, 0x00, 0x32, 0x00, 0x12, 0x00, 0x16, 0x00, 0x16, 0x00,
    0x1c, 0x00, 0x1c, 0x00, 0x0c, 0x00, 0x00, 0x00, 0x00, 0x00, 0x00, 0x00, 0x00, 0x00, 0x00, 0x00,
    0x41, 0x80, 0x41, 0x80, 0x41, 0x80, 0x41, 0x80, 0x41, 0x80, 0x61, 0x00, 0x6d, 0x00, 0x6d, 0x00,
    0x6d, 0x00, 0x75, 0x00, 0x77, 0x00, 0x73, 0x00, 0x33, 0x00, 0x00, 0x00, 0x00, 0x00, 0x00, 0x00,
    0x00, 0x00, 0x00, 0x00, 0x61, 0x80, 0x33, 0x00, 0x32, 0x00, 0x16, 0x00, 0x1e, 0x00, 0x0c, 0x00,
    0x0c, 0x00, 0x1c, 0x00, 0x1e, 0x00, 0x16, 0x00, 0x33, 0x00, 0x23, 0x00, 0x61, 0x80, 0x00, 0x00,
    0x00, 0x00, 0x00, 0x00, 0x00, 0x00, 0x00, 0x00, 0x61, 0x80, 0x61, 0x80, 0x33, 0x00, 0x33, 0x00,
    0x1a, 0x00, 0x1e, 0x00, 0x0c, 0x00, 0x0c, 0x00, 0x0c, 0x00, 0x0c, 0x00, 0x0c, 0x00, 0x0c, 0x00,
    0x0c, 0x00, 0x00, 0x00, 0x00, 0x00, 0x00, 0x00, 0x00, 0x00, 0x00, 0x00, 0x3f, 0x00, 0x03, 0x00,
    0x03, 0x00, 0x06, 0x00, 0x06, 0x00, 0x0c, 0x00, 0x0c, 0x00, 0x18, 0x00, 0x18, 0x00, 0x30, 0x00,
    0x30, 0x00, 0x20, 0x00, 0x3f, 0x00, 0x00, 0x00, 0x00, 0x00, 0x00, 0x00, 0x00, 0x00, 0x00, 0x00,
    0x1e, 0x00, 0x21, 0x00, 0x21, 0x00, 0x21, 0x00, 0x21, 0x00, 0x1e, 0x00, 0x00, 0x00, 0x00, 0x00,
    0x00, 0x00, 0x00, 0x00, 0x00, 0x00, 0x00, 0x00, 0x00, 0x00, 0x00, 0x00, 0x00, 0x00, 0x00, 0x00,
};

static const bitmap_font_t s_share_tech_mono_status = {
    .width = 10,
    .height = 18,
    .stride = 2,
    .data = s_share_tech_mono_status_data,
};

static const uint8_t s_share_tech_mono_17_data[1920] = {
    0x00, 0x00, 0x00, 0x00, 0x00, 0x00, 0x00, 0x00, 0x00, 0x00, 0x00, 0x00, 0x00, 0x00, 0x00, 0x00,
    0x00, 0x00, 0x00, 0x00, 0x00, 0x00, 0x00, 0x00, 0x00, 0x00, 0x00, 0x00, 0x00, 0x00, 0x00, 0x00,
    0x00, 0x00, 0x00, 0x00, 0x0c, 0x00, 0x0c, 0x00, 0x0c, 0x00, 0x0c, 0x00, 0x0c, 0x00, 0x0c, 0x00,
    0x0c, 0x00, 0x0c, 0x00, 0x00, 0x00, 0x00, 0x00, 0x0c, 0x00, 0x0c, 0x00, 0x00, 0x00, 0x00, 0x00,
    0x00, 0x00, 0x00, 0x00, 0x36, 0x00, 0x36, 0x00, 0x36, 0x00, 0x36, 0x00, 0x00, 0x00, 0x00, 0x00,
    0x00, 0x00, 0x00, 0x00, 0x00, 0x00, 0x00, 0x00, 0x00, 0x00, 0x00, 0x00, 0x00, 0x00, 0x00, 0x00,
    0x00, 0x00, 0x00, 0x00, 0x14, 0x00, 0x14, 0x00, 0x14, 0x00, 0x3e, 0x00, 0x14, 0x00, 0x14, 0x00,
    0x14, 0x00, 0x14, 0x00, 0x3e, 0x00, 0x14, 0x00, 0x14, 0x00, 0x14, 0x00, 0x00, 0x00, 0x00, 0x00,
    0x00, 0x00, 0x08, 0x00, 0x08, 0x00, 0x1e, 0x00, 0x20, 0x00, 0x20, 0x00, 0x20, 0x00, 0x20, 0x00,
    0x1c, 0x00, 0x02, 0x00, 0x02, 0x00, 0x02, 0x00, 0x02, 0x00, 0x3c, 0x00, 0x08, 0x00, 0x08, 0x00,
    0x00, 0x00, 0x00, 0x00, 0x70, 0x00, 0x48, 0x00, 0x48, 0x00, 0x48, 0x00, 0x70, 0x00, 0x07, 0x80,
    0xf8, 0x00, 0x07, 0x00, 0x09, 0x00, 0x09, 0x00, 0x09, 0x00, 0x07, 0x00, 0x00, 0x00, 0x00, 0x00,
    0x00, 0x00, 0x00, 0x00, 0x1c, 0x00, 0x20, 0x00, 0x20, 0x00, 0x20, 0x00, 0x20, 0x00, 0x1f, 0x00,
    0x22, 0x00, 0x22, 0x00, 0x22, 0x00, 0x22, 0x00, 0x22, 0x00, 0x1e, 0x00, 0x00, 0x00, 0x00, 0x00,
    0x00, 0x00, 0x00, 0x00, 0x0c, 0x00, 0x0c, 0x00, 0x0c, 0x00, 0x0c, 0x00, 0x00, 0x00, 0x00, 0x00,
    0x00, 0x00, 0x00, 0x00, 0x00, 0x00, 0x00, 0x00, 0x00, 0x00, 0x00, 0x00, 0x00, 0x00, 0x00, 0x00,
    0x0c, 0x00, 0x08, 0x00, 0x10, 0x00, 0x10, 0x00, 0x10, 0x00, 0x10, 0x00, 0x10, 0x00, 0x10, 0x00,
    0x10, 0x00, 0x10, 0x00, 0x10, 0x00, 0x10, 0x00, 0x10, 0x00, 0x10, 0x00, 0x08, 0x00, 0x0c, 0x00,
    0x18, 0x00, 0x08, 0x00, 0x04, 0x00, 0x04, 0x00, 0x04, 0x00, 0x04, 0x00, 0x04, 0x00, 0x04, 0x00,
    0x04, 0x00, 0x04, 0x00, 0x04, 0x00, 0x04, 0x00, 0x04, 0x00, 0x04, 0x00, 0x08, 0x00, 0x18, 0x00,
    0x00, 0x00, 0x00, 0x00, 0x08, 0x00, 0x49, 0x00, 0x7f, 0x00, 0x1c, 0x00, 0x36, 0x00, 0x22, 0x00,
    0x00, 0x00, 0x00, 0x00, 0x00, 0x00, 0x00, 0x00, 0x00, 0x00, 0x00, 0x00, 0x00, 0x00, 0x00, 0x00,
    0x00, 0x00, 0x00, 0x00, 0x00, 0x00, 0x00, 0x00, 0x00, 0x00, 0x08, 0x00, 0x08, 0x00, 0x08, 0x00,
    0x7f, 0x00, 0x08, 0x00, 0x08, 0x00, 0x08, 0x00, 0x00, 0x00, 0x00, 0x00, 0x00, 0x00, 0x00, 0x00,
    0x00, 0x00, 0x00, 0x00, 0x00, 0x00, 0x00, 0x00, 0x00, 0x00, 0x00, 0x00, 0x00, 0x00, 0x00, 0x00,
    0x00, 0x00, 0x00, 0x00, 0x00, 0x00, 0x00, 0x00, 0x0c, 0x00, 0x0c, 0x00, 0x0c, 0x00, 0x18, 0x00,
    0x00, 0x00, 0x00, 0x00, 0x00, 0x00, 0x00, 0x00, 0x00, 0x00, 0x00, 0x00, 0x00, 0x00, 0x00, 0x00,
    0x3e, 0x00, 0x00, 0x00, 0x00, 0x00, 0x00, 0x00, 0x00, 0x00, 0x00, 0x00, 0x00, 0x00, 0x00, 0x00,
    0x00, 0x00, 0x00, 0x00, 0x00, 0x00, 0x00, 0x00, 0x00, 0x00, 0x00, 0x00, 0x00, 0x00, 0x00, 0x00,
    0x00, 0x00, 0x00, 0x00, 0x00, 0x00, 0x00, 0x00, 0x0c, 0x00, 0x0c, 0x00, 0x00, 0x00, 0x00, 0x00,
    0x01, 0x00, 0x03, 0x00, 0x02, 0x00, 0x02, 0x00, 0x06, 0x00, 0x04, 0x00, 0x0c, 0x00, 0x08, 0x00,
    0x08, 0x00, 0x18, 0x00, 0x10, 0x00, 0x10, 0x00, 0x30, 0x00, 0x20, 0x00, 0x60, 0x00, 0x40, 0x00,
    0x00, 0x00, 0x00, 0x00, 0x1c, 0x00, 0x22, 0x00, 0x22, 0x00, 0x26, 0x00, 0x26, 0x00, 0x2e, 0x00,
    0x3a, 0x00, 0x32, 0x00, 0x32, 0x00, 0x22, 0x00, 0x22, 0x00, 0x1c, 0x00, 0x00, 0x00, 0x00, 0x00,
    0x00, 0x00, 0x00, 0x00, 0x18, 0x00, 0x38, 0x00, 0x08, 0x00, 0x08, 0x00, 0x08, 0x00, 0x08, 0x00,
    0x08, 0x00, 0x08, 0x00, 0x08, 0x00, 0x08, 0x00, 0x08, 0x00, 0x3e, 0x00, 0x00, 0x00, 0x00, 0x00,
    0x00, 0x00, 0x00, 0x00, 0x1c, 0x00, 0x02, 0x00, 0x02, 0x00, 0x02, 0x00, 0x02, 0x00, 0x02, 0x00,
    0x06, 0x00, 0x0c, 0x00, 0x08, 0x00, 0x18, 0x00, 0x30, 0x00, 0x3e, 0x00, 0x00, 0x00, 0x00, 0x00,
    0x00, 0x00, 0x00, 0x00, 0x1c, 0x00, 0x02, 0x00, 0x02, 0x00, 0x02, 0x00, 0x02, 0x00, 0x1c, 0x00,
    0x02, 0x00, 0x02, 0x00, 0x02, 0x00, 0x02, 0x00, 0x02, 0x00, 0x3c, 0x00, 0x00, 0x00, 0x00, 0x00,
    0x00, 0x00, 0x00, 0x00, 0x18, 0x00, 0x10, 0x00, 0x10, 0x00, 0x30, 0x00, 0x34, 0x00, 0x24, 0x00,
    0x24, 0x00, 0x24, 0x00, 0x7e, 0x00, 0x04, 0x00, 0x04, 0x00, 0x04, 0x00, 0x00, 0x00, 0x00, 0x00,
    0x00, 0x00, 0x00, 0x00, 0x3c, 0x00, 0x20, 0x00, 0x20, 0x00, 0x20, 0x00, 0x20, 0x00, 0x3c, 0x00,
    0x02, 0x00, 0x02, 0x00, 0x02, 0x00, 0x02, 0x00, 0x02, 0x00, 0x3c, 0x00, 0x00, 0x00, 0x00, 0x00,
    0x00, 0x00, 0x00, 0x00, 0x1e, 0x00, 0x20, 0x00, 0x20, 0x00, 0x20, 0x00, 0x20, 0x00, 0x3c, 0x00,
    0x22, 0x00, 0x22, 0x00, 0x22, 0x00, 0x22, 0x00, 0x22, 0x00, 0x1c, 0x00, 0x00, 0x00, 0x00, 0x00,
    0x00, 0x00, 0x00, 0x00, 0x3e, 0x00, 0x02, 0x00, 0x06, 0x00, 0x06, 0x00, 0x04, 0x00, 0x04, 0x00,
    0x0c, 0x00, 0x0c, 0x00, 0x08, 0x00, 0x18, 0x00, 0x18, 0x00, 0x10, 0x00, 0x00, 0x00, 0x00, 0x00,
    0x00, 0x00, 0x00, 0x00, 0x1c, 0x00, 0x22, 0x00, 0x22, 0x00, 0x22, 0x00, 0x22, 0x00, 0x1c, 0x00,
    0x22, 0x00, 0x22, 0x00, 0x22, 0x00, 0x22, 0x00, 0x22, 0x00, 0x1c, 0x00, 0x00, 0x00, 0x00, 0x00,
    0x00, 0x00, 0x00, 0x00, 0x1c, 0x00, 0x22, 0x00, 0x22, 0x00, 0x22, 0x00, 0x22, 0x00, 0x22, 0x00,
    0x1e, 0x00, 0x02, 0x00, 0x02, 0x00, 0x02, 0x00, 0x02, 0x00, 0x3c, 0x00, 0x00, 0x00, 0x00, 0x00,
    0x00, 0x00, 0x00, 0x00, 0x00, 0x00, 0x00, 0x00, 0x00, 0x00, 0x0c, 0x00, 0x0c, 0x00, 0x00, 0x00,
    0x00, 0x00, 0x00, 0x00, 0x00, 0x00, 0x00, 0x00, 0x0c, 0x00, 0x0c, 0x00, 0x00, 0x00, 0x00, 0x00,
    0x00, 0x00, 0x00, 0x00, 0x00, 0x00, 0x00, 0x00, 0x00, 0x00, 0x0c, 0x00, 0x0c, 0x00, 0x00, 0x00,
    0x00, 0x00, 0x00, 0x00, 0x00, 0x00, 0x00, 0x00, 0x0c, 0x00, 0x0c, 0x00, 0x0c, 0x00, 0x18, 0x00,
    0x00, 0x00, 0x00, 0x00, 0x00, 0x00, 0x00, 0x00, 0x01, 0x00, 0x07, 0x00, 0x1c, 0x00, 0x70, 0x00,
    0x70, 0x00, 0x1c, 0x00, 0x07, 0x00, 0x01, 0x00, 0x00, 0x00, 0x00, 0x00, 0x00, 0x00, 0x00, 0x00,
    0x00, 0x00, 0x00, 0x00, 0x00, 0x00, 0x00, 0x00, 0x00, 0x00, 0x00, 0x00, 0x7f, 0x00, 0x00, 0x00,
    0x00, 0x00, 0x00, 0x00, 0x7f, 0x00, 0x00, 0x00, 0x00, 0x00, 0x00, 0x00, 0x00, 0x00, 0x00, 0x00,
    0x00, 0x00, 0x00, 0x00, 0x00, 0x00, 0x00, 0x00, 0x40, 0x00, 0x70, 0x00, 0x1e, 0x00, 0x03, 0x00,
    0x03, 0x00, 0x1e, 0x00, 0x78, 0x00, 0x40, 0x00, 0x00, 0x00, 0x00, 0x00, 0x00, 0x00, 0x00, 0x00,
    0x00, 0x00, 0x00, 0x00, 0x1e, 0x00, 0x02, 0x00, 0x02, 0x00, 0x02, 0x00, 0x06, 0x00, 0x0c, 0x00,
    0x18, 0x00, 0x18, 0x00, 0x00, 0x00, 0x00, 0x00, 0x18, 0x00, 0x18, 0x00, 0x00, 0x00, 0x00, 0x00,
    0x00, 0x00, 0x00, 0x00, 0x3f, 0x00, 0x40, 0x80, 0x40, 0x80, 0x5c, 0x80, 0x54, 0x80, 0x54, 0x80,
    0x54, 0x80, 0x54, 0x80, 0x54, 0x80, 0x5f, 0x80, 0x40, 0x00, 0x3c, 0x00, 0x00, 0x00, 0x00, 0x00,
    0x00, 0x00, 0x00, 0x00, 0x0c, 0x00, 0x1c, 0x00, 0x14, 0x00, 0x14, 0x00, 0x16, 0x00, 0x36, 0x00,
    0x32, 0x00, 0x22, 0x00, 0x3f, 0x00, 0x63, 0x00, 0x61, 0x00, 0x41, 0x00, 0x00, 0x00, 0x00, 0x00,
    0x00, 0x00, 0x00, 0x00, 0x3c, 0x00, 0x22, 0x00, 0x22, 0x00, 0x22, 0x00, 0x22, 0x00, 0x3c, 0x00,
    0x22, 0x00, 0x22, 0x00, 0x22, 0x00, 0x22, 0x00, 0x22, 0x00, 0x3c, 0x00, 0x00, 0x00, 0x00, 0x00,
    0x00, 0x00, 0x00, 0x00, 0x1e, 0x00, 0x20, 0x00, 0x20, 0x00, 0x20, 0x00, 0x20, 0x00, 0x20, 0x00,
    0x20, 0x00, 0x20, 0x00, 0x20, 0x00, 0x20, 0x00, 0x20, 0x00, 0x1e, 0x00, 0x00, 0x00, 0x00, 0x00,
    0x00, 0x00, 0x00, 0x00, 0x7e, 0x00, 0x41, 0x00, 0x41, 0x00, 0x41, 0x00, 0x41, 0x00, 0x41, 0x00,
    0x41, 0x00, 0x41, 0x00, 0x41, 0x00, 0x41, 0x00, 0x41, 0x00, 0x7e, 0x00, 0x00, 0x00, 0x00, 0x00,
    0x00, 0x00, 0x00, 0x00, 0x3e, 0x00, 0x20, 0x00, 0x20, 0x00, 0x20, 0x00, 0x20, 0x00, 0x3e, 0x00,
    0x20, 0x00, 0x20, 0x00, 0x20, 0x00, 0x20, 0x00, 0x20, 0x00, 0x3e, 0x00, 0x00, 0x00, 0x00, 0x00,
    0x00, 0x00, 0x00, 0x00, 0x3e, 0x00, 0x20, 0x00, 0x20, 0x00, 0x20, 0x00, 0x20, 0x00, 0x20, 0x00,
    0x3e, 0x00, 0x20, 0x00, 0x20, 0x00, 0x20, 0x00, 0x20, 0x00, 0x20, 0x00, 0x00, 0x00, 0x00, 0x00,
    0x00, 0x00, 0x00, 0x00, 0x1e, 0x00, 0x20, 0x00, 0x20, 0x00, 0x20, 0x00, 0x20, 0x00, 0x20, 0x00,
    0x26, 0x00, 0x22, 0x00, 0x22, 0x00, 0x22, 0x00, 0x22, 0x00, 0x1e, 0x00, 0x00, 0x00, 0x00, 0x00,
    0x00, 0x00, 0x00, 0x00, 0x41, 0x00, 0x41, 0x00, 0x41, 0x00, 0x41, 0x00, 0x41, 0x00, 0x7f, 0x00,
    0x41, 0x00, 0x41, 0x00, 0x41, 0x00, 0x41, 0x00, 0x41, 0x00, 0x41, 0x00, 0x00, 0x00, 0x00, 0x00,
    0x00, 0x00, 0x00, 0x00, 0x3e, 0x00, 0x08, 0x00, 0x08, 0x00, 0x08, 0x00, 0x08, 0x00, 0x08, 0x00,
    0x08, 0x00, 0x08, 0x00, 0x08, 0x00, 0x08, 0x00, 0x08, 0x00, 0x3e, 0x00, 0x00, 0x00, 0x00, 0x00,
    0x00, 0x00, 0x00, 0x00, 0x1e, 0x00, 0x02, 0x00, 0x02, 0x00, 0x02, 0x00, 0x02, 0x00, 0x02, 0x00,
    0x02, 0x00, 0x02, 0x00, 0x02, 0x00, 0x02, 0x00, 0x02, 0x00, 0x1c, 0x00, 0x00, 0x00, 0x00, 0x00,
    0x00, 0x00, 0x00, 0x00, 0x23, 0x00, 0x26, 0x00, 0x24, 0x00, 0x2c, 0x00, 0x38, 0x00, 0x38, 0x00,
    0x38, 0x00, 0x2c, 0x00, 0x24, 0x00, 0x26, 0x00, 0x22, 0x00, 0x23, 0x00, 0x00, 0x00, 0x00, 0x00,
    0x00, 0x00, 0x00, 0x00, 0x20, 0x00, 0x20, 0x00, 0x20, 0x00, 0x20, 0x00, 0x20, 0x00, 0x20, 0x00,
    0x20, 0x00, 0x20, 0x00, 0x20, 0x00, 0x20, 0x00, 0x20, 0x00, 0x3e, 0x00, 0x00, 0x00, 0x00, 0x00,
    0x00, 0x00, 0x00, 0x00, 0x63, 0x00, 0x73, 0x00, 0x77, 0x00, 0x55, 0x00, 0x55, 0x00, 0x55, 0x00,
    0x5d, 0x00, 0x49, 0x00, 0x41, 0x00, 0x41, 0x00, 0x41, 0x00, 0x41, 0x00, 0x00, 0x00, 0x00, 0x00,
    0x00, 0x00, 0x00, 0x00, 0x71, 0x00, 0x71, 0x00, 0x79, 0x00, 0x59, 0x00, 0x59, 0x00, 0x59, 0x00,
    0x4d, 0x00, 0x4d, 0x00, 0x4d, 0x00, 0x4f, 0x00, 0x47, 0x00, 0x47, 0x00, 0x00, 0x00, 0x00, 0x00,
    0x00, 0x00, 0x00, 0x00, 0x3e, 0x00, 0x41, 0x00, 0x41, 0x00, 0x41, 0x00, 0x41, 0x00, 0x41, 0x00,
    0x41, 0x00, 0x41, 0x00, 0x41, 0x00, 0x41, 0x00, 0x41, 0x00, 0x3e, 0x00, 0x00, 0x00, 0x00, 0x00,
    0x00, 0x00, 0x00, 0x00, 0x3c, 0x00, 0x22, 0x00, 0x22, 0x00, 0x22, 0x00, 0x22, 0x00, 0x22, 0x00,
    0x3c, 0x00, 0x20, 0x00, 0x20, 0x00, 0x20, 0x00, 0x20, 0x00, 0x20, 0x00, 0x00, 0x00, 0x00, 0x00,
    0x00, 0x00, 0x00, 0x00, 0x3e, 0x00, 0x41, 0x00, 0x41, 0x00, 0x41, 0x00, 0x41, 0x00, 0x41, 0x00,
    0x41, 0x00, 0x41, 0x00, 0x41, 0x00, 0x41, 0x00, 0x41, 0x00, 0x3f, 0x00, 0x01, 0x80, 0x00, 0x00,
    0x00, 0x00, 0x00, 0x00, 0x7c, 0x00, 0x42, 0x00, 0x42, 0x00, 0x42, 0x00, 0x42, 0x00, 0x42, 0x00,
    0x7c, 0x00, 0x4c, 0x00, 0x46, 0x00, 0x46, 0x00, 0x43, 0x00, 0x43, 0x00, 0x00, 0x00, 0x00, 0x00,
    0x00, 0x00, 0x00, 0x00, 0x1e, 0x00, 0x20, 0x00, 0x20, 0x00, 0x20, 0x00, 0x20, 0x00, 0x1c, 0x00,
    0x02, 0x00, 0x02, 0x00, 0x02, 0x00, 0x02, 0x00, 0x02, 0x00, 0x3c, 0x00, 0x00, 0x00, 0x00, 0x00,
    0x00, 0x00, 0x00, 0x00, 0x7f, 0x00, 0x08, 0x00, 0x08, 0x00, 0x08, 0x00, 0x08, 0x00, 0x08, 0x00,
    0x08, 0x00, 0x08, 0x00, 0x08, 0x00, 0x08, 0x00, 0x08, 0x00, 0x08, 0x00, 0x00, 0x00, 0x00, 0x00,
    0x00, 0x00, 0x00, 0x00, 0x41, 0x00, 0x41, 0x00, 0x41, 0x00, 0x41, 0x00, 0x41, 0x00, 0x41, 0x00,
    0x41, 0x00, 0x41, 0x00, 0x41, 0x00, 0x41, 0x00, 0x41, 0x00, 0x3e, 0x00, 0x00, 0x00, 0x00, 0x00,
    0x00, 0x00, 0x00, 0x00, 0x61, 0x00, 0x63, 0x00, 0x63, 0x00, 0x22, 0x00, 0x22, 0x00, 0x32, 0x00,
    0x36, 0x00, 0x14, 0x00, 0x14, 0x00, 0x14, 0x00, 0x1c, 0x00, 0x1c, 0x00, 0x00, 0x00, 0x00, 0x00,
    0x00, 0x00, 0x00, 0x00, 0x41, 0x00, 0x41, 0x00, 0x41, 0x00, 0x41, 0x00, 0x41, 0x00, 0x49, 0x00,
    0x49, 0x00, 0x55, 0x00, 0x75, 0x00, 0x75, 0x00, 0x75, 0x00, 0x77, 0x00, 0x00, 0x00, 0x00, 0x00,
    0x00, 0x00, 0x00, 0x00, 0x63, 0x00, 0x22, 0x00, 0x36, 0x00, 0x14, 0x00, 0x1c, 0x00, 0x0c, 0x00,
    0x1c, 0x00, 0x1c, 0x00, 0x16, 0x00, 0x32, 0x00, 0x23, 0x00, 0x63, 0x00, 0x00, 0x00, 0x00, 0x00,
    0x00, 0x00, 0x00, 0x00, 0x61, 0x80, 0x21, 0x00, 0x33, 0x00, 0x12, 0x00, 0x1e, 0x00, 0x0c, 0x00,
    0x0c, 0x00, 0x0c, 0x00, 0x0c, 0x00, 0x0c, 0x00, 0x0c, 0x00, 0x0c, 0x00, 0x00, 0x00, 0x00, 0x00,
    0x00, 0x00, 0x00, 0x00, 0x3f, 0x00, 0x03, 0x00, 0x06, 0x00, 0x06, 0x00, 0x0c, 0x00, 0x0c, 0x00,
    0x18, 0x00, 0x18, 0x00, 0x30, 0x00, 0x30, 0x00, 0x60, 0x00, 0x7f, 0x00, 0x00, 0x00, 0x00, 0x00,
    0x00, 0x00, 0x00, 0x00, 0x1c, 0x00, 0x22, 0x00, 0x22, 0x00, 0x22, 0x00, 0x1c, 0x00, 0x00, 0x00,
    0x00, 0x00, 0x00, 0x00, 0x00, 0x00, 0x00, 0x00, 0x00, 0x00, 0x00, 0x00, 0x00, 0x00, 0x00, 0x00,
};

static const bitmap_font_t s_share_tech_mono_17 = {
    .width = 9,
    .height = 16,
    .stride = 2,
    .data = s_share_tech_mono_17_data,
};

static const uint8_t s_share_tech_mono_22_data[2520] = {
    0x00, 0x00, 0x00, 0x00, 0x00, 0x00, 0x00, 0x00, 0x00, 0x00, 0x00, 0x00, 0x00, 0x00, 0x00, 0x00,
    0x00, 0x00, 0x00, 0x00, 0x00, 0x00, 0x00, 0x00, 0x00, 0x00, 0x00, 0x00, 0x00, 0x00, 0x00, 0x00,
    0x00, 0x00, 0x00, 0x00, 0x00, 0x00, 0x00, 0x00, 0x00, 0x00, 0x00, 0x00, 0x00, 0x00, 0x00, 0x00,
    0x06, 0x00, 0x06, 0x00, 0x06, 0x00, 0x06, 0x00, 0x06, 0x00, 0x06, 0x00, 0x06, 0x00, 0x06, 0x00,
    0x06, 0x00, 0x06, 0x00, 0x06, 0x00, 0x00, 0x00, 0x00, 0x00, 0x06, 0x00, 0x06, 0x00, 0x00, 0x00,
    0x00, 0x00, 0x00, 0x00, 0x00, 0x00, 0x00, 0x00, 0x00, 0x00, 0x19, 0x80, 0x19, 0x80, 0x19, 0x80,
    0x19, 0x80, 0x19, 0x80, 0x00, 0x00, 0x00, 0x00, 0x00, 0x00, 0x00, 0x00, 0x00, 0x00, 0x00, 0x00,
    0x00, 0x00, 0x00, 0x00, 0x00, 0x00, 0x00, 0x00, 0x00, 0x00, 0x00, 0x00, 0x00, 0x00, 0x00, 0x00,
    0x00, 0x00, 0x00, 0x00, 0x19, 0x80, 0x19, 0x80, 0x19, 0x80, 0x7f, 0xe0, 0x7f, 0xe0, 0x19, 0x80,
    0x19, 0x80, 0x19, 0x80, 0x19, 0x80, 0x7f, 0xe0, 0x7f, 0xe0, 0x19, 0x80, 0x19, 0x80, 0x19, 0x80,
    0x19, 0x80, 0x00, 0x00, 0x00, 0x00, 0x00, 0x00, 0x00, 0x00, 0x06, 0x00, 0x06, 0x00, 0x0f, 0x80,
    0x1f, 0x80, 0x30, 0x00, 0x30, 0x00, 0x30, 0x00, 0x30, 0x00, 0x1f, 0x00, 0x0f, 0x80, 0x00, 0xc0,
    0x00, 0xc0, 0x00, 0xc0, 0x00, 0xc0, 0x01, 0xc0, 0x1f, 0x80, 0x1f, 0x00, 0x06, 0x00, 0x06, 0x00,
    0x00, 0x00, 0x00, 0x00, 0x00, 0x00, 0x00, 0x00, 0x38, 0x00, 0x64, 0x00, 0x44, 0x00, 0x44, 0x00,
    0x64, 0x00, 0x38, 0x00, 0x01, 0xf0, 0xff, 0xc0, 0xc0, 0x00, 0x03, 0xc0, 0x02, 0x60, 0x06, 0x60,
    0x06, 0x60, 0x02, 0x60, 0x03, 0xc0, 0x00, 0x00, 0x00, 0x00, 0x00, 0x00, 0x00, 0x00, 0x00, 0x00,
    0x00, 0x00, 0x1f, 0x00, 0x3f, 0x00, 0x30, 0x00, 0x30, 0x00, 0x30, 0x00, 0x1f, 0xe0, 0x1f, 0xe0,
    0x31, 0x80, 0x31, 0x80, 0x31, 0x80, 0x31, 0x80, 0x31, 0x80, 0x31, 0x80, 0x3f, 0x80, 0x1f, 0x80,
    0x00, 0x00, 0x00, 0x00, 0x00, 0x00, 0x00, 0x00, 0x00, 0x00, 0x00, 0x00, 0x06, 0x00, 0x06, 0x00,
    0x06, 0x00, 0x06, 0x00, 0x06, 0x00, 0x00, 0x00, 0x00, 0x00, 0x00, 0x00, 0x00, 0x00, 0x00, 0x00,
    0x00, 0x00, 0x00, 0x00, 0x00, 0x00, 0x00, 0x00, 0x00, 0x00, 0x00, 0x00, 0x00, 0x00, 0x00, 0x00,
    0x03, 0x80, 0x06, 0x00, 0x06, 0x00, 0x0c, 0x00, 0x0c, 0x00, 0x0c, 0x00, 0x0c, 0x00, 0x0c, 0x00,
    0x0c, 0x00, 0x0c, 0x00, 0x0c, 0x00, 0x0c, 0x00, 0x0c, 0x00, 0x0c, 0x00, 0x0c, 0x00, 0x0c, 0x00,
    0x0c, 0x00, 0x0c, 0x00, 0x06, 0x00, 0x06, 0x00, 0x03, 0x80, 0x1c, 0x00, 0x06, 0x00, 0x06, 0x00,
    0x03, 0x00, 0x03, 0x00, 0x03, 0x00, 0x03, 0x00, 0x03, 0x00, 0x03, 0x00, 0x03, 0x00, 0x03, 0x00,
    0x03, 0x00, 0x03, 0x00, 0x03, 0x00, 0x03, 0x00, 0x03, 0x00, 0x03, 0x00, 0x03, 0x00, 0x06, 0x00,
    0x06, 0x00, 0x1c, 0x00, 0x00, 0x00, 0x00, 0x00, 0x06, 0x00, 0x06, 0x00, 0x26, 0x40, 0x3f, 0xc0,
    0x1f, 0x80, 0x0f, 0x00, 0x1b, 0x00, 0x19, 0x80, 0x30, 0x80, 0x00, 0x00, 0x00, 0x00, 0x00, 0x00,
    0x00, 0x00, 0x00, 0x00, 0x00, 0x00, 0x00, 0x00, 0x00, 0x00, 0x00, 0x00, 0x00, 0x00, 0x00, 0x00,
    0x00, 0x00, 0x00, 0x00, 0x00, 0x00, 0x00, 0x00, 0x00, 0x00, 0x00, 0x00, 0x06, 0x00, 0x06, 0x00,
    0x06, 0x00, 0x3f, 0xc0, 0x3f, 0xc0, 0x06, 0x00, 0x06, 0x00, 0x06, 0x00, 0x00, 0x00, 0x00, 0x00,
    0x00, 0x00, 0x00, 0x00, 0x00, 0x00, 0x00, 0x00, 0x00, 0x00, 0x00, 0x00, 0x00, 0x00, 0x00, 0x00,
    0x00, 0x00, 0x00, 0x00, 0x00, 0x00, 0x00, 0x00, 0x00, 0x00, 0x00, 0x00, 0x00, 0x00, 0x00, 0x00,
    0x00, 0x00, 0x00, 0x00, 0x00, 0x00, 0x00, 0x00, 0x06, 0x00, 0x06, 0x00, 0x06, 0x00, 0x04, 0x00,
    0x0c, 0x00, 0x00, 0x00, 0x00, 0x00, 0x00, 0x00, 0x00, 0x00, 0x00, 0x00, 0x00, 0x00, 0x00, 0x00,
    0x00, 0x00, 0x00, 0x00, 0x00, 0x00, 0x3f, 0xc0, 0x3f, 0xc0, 0x00, 0x00, 0x00, 0x00, 0x00, 0x00,
    0x00, 0x00, 0x00, 0x00, 0x00, 0x00, 0x00, 0x00, 0x00, 0x00, 0x00, 0x00, 0x00, 0x00, 0x00, 0x00,
    0x00, 0x00, 0x00, 0x00, 0x00, 0x00, 0x00, 0x00, 0x00, 0x00, 0x00, 0x00, 0x00, 0x00, 0x00, 0x00,
    0x00, 0x00, 0x00, 0x00, 0x00, 0x00, 0x00, 0x00, 0x00, 0x00, 0x00, 0x00, 0x06, 0x00, 0x06, 0x00,
    0x00, 0x00, 0x00, 0x00, 0x00, 0x00, 0x00, 0x60, 0x00, 0xc0, 0x00, 0xc0, 0x00, 0x80, 0x01, 0x80,
    0x01, 0x80, 0x03, 0x00, 0x03, 0x00, 0x02, 0x00, 0x06, 0x00, 0x06, 0x00, 0x0c, 0x00, 0x0c, 0x00,
    0x08, 0x00, 0x18, 0x00, 0x18, 0x00, 0x30, 0x00, 0x30, 0x00, 0x30, 0x00, 0x60, 0x00, 0x00, 0x00,
    0x00, 0x00, 0x00, 0x00, 0x00, 0x00, 0x0f, 0x00, 0x1f, 0x80, 0x30, 0xc0, 0x30, 0xc0, 0x31, 0xc0,
    0x31, 0xc0, 0x33, 0xc0, 0x36, 0xc0, 0x3c, 0xc0, 0x38, 0xc0, 0x38, 0xc0, 0x30, 0xc0, 0x30, 0xc0,
    0x1f, 0x80, 0x0f, 0x00, 0x00, 0x00, 0x00, 0x00, 0x00, 0x00, 0x00, 0x00, 0x00, 0x00, 0x00, 0x00,
    0x1e, 0x00, 0x3e, 0x00, 0x26, 0x00, 0x06, 0x00, 0x06, 0x00, 0x06, 0x00, 0x06, 0x00, 0x06, 0x00,
    0x06, 0x00, 0x06, 0x00, 0x06, 0x00, 0x06, 0x00, 0x06, 0x00, 0x3f, 0x80, 0x3f, 0x80, 0x00, 0x00,
    0x00, 0x00, 0x00, 0x00, 0x00, 0x00, 0x00, 0x00, 0x00, 0x00, 0x1e, 0x00, 0x1f, 0x00, 0x01, 0x80,
    0x01, 0x80, 0x01, 0x80, 0x01, 0x80, 0x01, 0x80, 0x03, 0x00, 0x02, 0x00, 0x06, 0x00, 0x0c, 0x00,
    0x18, 0x00, 0x10, 0x00, 0x3f, 0x80, 0x3f, 0x80, 0x00, 0x00, 0x00, 0x00, 0x00, 0x00, 0x00, 0x00,
    0x00, 0x00, 0x00, 0x00, 0x1f, 0x00, 0x1f, 0x80, 0x01, 0x80, 0x01, 0x80, 0x01, 0x80, 0x01, 0x80,
    0x1f, 0x00, 0x1f, 0x00, 0x01, 0x80, 0x01, 0x80, 0x01, 0x80, 0x01, 0x80, 0x01, 0x80, 0x3f, 0x80,
    0x3f, 0x00, 0x00, 0x00, 0x00, 0x00, 0x00, 0x00, 0x00, 0x00, 0x00, 0x00, 0x00, 0x00, 0x0c, 0x00,
    0x18, 0x00, 0x18, 0x00, 0x18, 0x00, 0x18, 0x00, 0x13, 0x00, 0x33, 0x00, 0x33, 0x00, 0x33, 0x00,
    0x23, 0x00, 0x7f, 0xc0, 0x7f, 0xc0, 0x03, 0x00, 0x03, 0x00, 0x03, 0x00, 0x00, 0x00, 0x00, 0x00,
    0x00, 0x00, 0x00, 0x00, 0x00, 0x00, 0x00, 0x00, 0x1f, 0x80, 0x1f, 0x80, 0x18, 0x00, 0x18, 0x00,
    0x18, 0x00, 0x18, 0x00, 0x1f, 0x00, 0x1f, 0x80, 0x01, 0x80, 0x01, 0x80, 0x01, 0x80, 0x01, 0x80,
    0x01, 0x80, 0x3f, 0x80, 0x3f, 0x00, 0x00, 0x00, 0x00, 0x00, 0x00, 0x00, 0x00, 0x00, 0x00, 0x00,
    0x00, 0x00, 0x0f, 0x80, 0x1f, 0x80, 0x30, 0x00, 0x30, 0x00, 0x30, 0x00, 0x3f, 0x80, 0x3f, 0xc0,
    0x30, 0xc0, 0x30, 0xc0, 0x30, 0xc0, 0x30, 0xc0, 0x30, 0xc0, 0x30, 0xc0, 0x1f, 0x80, 0x0f, 0x00,
    0x00, 0x00, 0x00, 0x00, 0x00, 0x00, 0x00, 0x00, 0x00, 0x00, 0x00, 0x00, 0x3f, 0x80, 0x3f, 0x80,
    0x01, 0x80, 0x01, 0x80, 0x01, 0x80, 0x01, 0x00, 0x03, 0x00, 0x03, 0x00, 0x03, 0x00, 0x06, 0x00,
    0x06, 0x00, 0x06, 0x00, 0x0c, 0x00, 0x0c, 0x00, 0x0c, 0x00, 0x00, 0x00, 0x00, 0x00, 0x00, 0x00,
    0x00, 0x00, 0x00, 0x00, 0x00, 0x00, 0x1f, 0x80, 0x3f, 0xc0, 0x30, 0xc0, 0x30, 0xc0, 0x30, 0xc0,
    0x30, 0xc0, 0x1f, 0x80, 0x1f, 0x80, 0x30, 0xc0, 0x30, 0xc0, 0x30, 0xc0, 0x30, 0xc0, 0x30, 0xc0,
    0x3f, 0xc0, 0x1f, 0x80, 0x00, 0x00, 0x00, 0x00, 0x00, 0x00, 0x00, 0x00, 0x00, 0x00, 0x00, 0x00,
    0x0f, 0x00, 0x1f, 0x80, 0x30, 0xc0, 0x30, 0xc0, 0x30, 0xc0, 0x30, 0xc0, 0x30, 0xc0, 0x3f, 0xc0,
    0x1f, 0xc0, 0x00, 0xc0, 0x00, 0xc0, 0x00, 0xc0, 0x00, 0xc0, 0x1f, 0x80, 0x1f, 0x00, 0x00, 0x00,
    0x00, 0x00, 0x00, 0x00, 0x00, 0x00, 0x00, 0x00, 0x00, 0x00, 0x00, 0x00, 0x00, 0x00, 0x00, 0x00,
    0x00, 0x00, 0x06, 0x00, 0x06, 0x00, 0x00, 0x00, 0x00, 0x00, 0x00, 0x00, 0x00, 0x00, 0x00, 0x00,
    0x00, 0x00, 0x00, 0x00, 0x06, 0x00, 0x06, 0x00, 0x00, 0x00, 0x00, 0x00, 0x00, 0x00, 0x00, 0x00,
    0x00, 0x00, 0x00, 0x00, 0x00, 0x00, 0x00, 0x00, 0x00, 0x00, 0x00, 0x00, 0x06, 0x00, 0x06, 0x00,
    0x00, 0x00, 0x00, 0x00, 0x00, 0x00, 0x00, 0x00, 0x00, 0x00, 0x00, 0x00, 0x00, 0x00, 0x06, 0x00,
    0x06, 0x00, 0x06, 0x00, 0x04, 0x00, 0x0c, 0x00, 0x00, 0x00, 0x00, 0x00, 0x00, 0x00, 0x00, 0x00,
    0x00, 0x00, 0x00, 0x00, 0x00, 0x40, 0x01, 0xc0, 0x07, 0x80, 0x1e, 0x00, 0x30, 0x00, 0x38, 0x00,
    0x3e, 0x00, 0x07, 0x80, 0x01, 0xc0, 0x00, 0x40, 0x00, 0x00, 0x00, 0x00, 0x00, 0x00, 0x00, 0x00,
    0x00, 0x00, 0x00, 0x00, 0x00, 0x00, 0x00, 0x00, 0x00, 0x00, 0x00, 0x00, 0x00, 0x00, 0x00, 0x00,
    0x00, 0x00, 0x3f, 0xc0, 0x3f, 0xc0, 0x00, 0x00, 0x00, 0x00, 0x3f, 0xc0, 0x3f, 0xc0, 0x00, 0x00,
    0x00, 0x00, 0x00, 0x00, 0x00, 0x00, 0x00, 0x00, 0x00, 0x00, 0x00, 0x00, 0x00, 0x00, 0x00, 0x00,
    0x00, 0x00, 0x00, 0x00, 0x00, 0x00, 0x00, 0x00, 0x20, 0x00, 0x38, 0x00, 0x1e, 0x00, 0x07, 0x80,
    0x00, 0xc0, 0x01, 0xc0, 0x07, 0x80, 0x1e, 0x00, 0x38, 0x00, 0x20, 0x00, 0x00, 0x00, 0x00, 0x00,
    0x00, 0x00, 0x00, 0x00, 0x00, 0x00, 0x00, 0x00, 0x00, 0x00, 0x00, 0x00, 0x1e, 0x00, 0x1f, 0x00,
    0x01, 0x80, 0x01, 0x80, 0x01, 0x80, 0x01, 0x80, 0x03, 0x80, 0x07, 0x00, 0x0e, 0x00, 0x0c, 0x00,
    0x0c, 0x00, 0x00, 0x00, 0x00, 0x00, 0x0c, 0x00, 0x0c, 0x00, 0x00, 0x00, 0x00, 0x00, 0x00, 0x00,
    0x00, 0x00, 0x00, 0x00, 0x00, 0x00, 0x7f, 0xc0, 0xc0, 0x60, 0xc0, 0x60, 0xcf, 0xe0, 0xd9, 0xe0,
    0xd9, 0xe0, 0xd9, 0xe0, 0xd9, 0xe0, 0xd9, 0xe0, 0xd9, 0xe0, 0xd9, 0xe0, 0xcf, 0xe0, 0xc0, 0x00,
    0xc0, 0x00, 0x7f, 0x00, 0x00, 0x00, 0x00, 0x00, 0x00, 0x00, 0x00, 0x00, 0x00, 0x00, 0x00, 0x00,
    0x06, 0x00, 0x0f, 0x00, 0x0f, 0x00, 0x09, 0x00, 0x09, 0x00, 0x19, 0x80, 0x19, 0x80, 0x11, 0x80,
    0x10, 0x80, 0x3f, 0xc0, 0x3f, 0xc0, 0x30, 0xc0, 0x20, 0xc0, 0x60, 0x60, 0x60, 0x60, 0x00, 0x00,
    0x00, 0x00, 0x00, 0x00, 0x00, 0x00, 0x00, 0x00, 0x00, 0x00, 0x3f, 0x80, 0x3f, 0xc0, 0x30, 0xc0,
    0x30, 0xc0, 0x30, 0xc0, 0x30, 0xc0, 0x3f, 0x80, 0x3f, 0x80, 0x30, 0xc0, 0x30, 0xc0, 0x30, 0xc0,
    0x30, 0xc0, 0x30, 0xc0, 0x3f, 0xc0, 0x3f, 0x80, 0x00, 0x00, 0x00, 0x00, 0x00, 0x00, 0x00, 0x00,
    0x00, 0x00, 0x00, 0x00, 0x0f, 0x80, 0x1f, 0x80, 0x30, 0x00, 0x30, 0x00, 0x30, 0x00, 0x30, 0x00,
    0x30, 0x00, 0x30, 0x00, 0x30, 0x00, 0x30, 0x00, 0x30, 0x00, 0x30, 0x00, 0x30, 0x00, 0x1f, 0x80,
    0x0f, 0x80, 0x00, 0x00, 0x00, 0x00, 0x00, 0x00, 0x00, 0x00, 0x00, 0x00, 0x00, 0x00, 0x3f, 0x80,
    0x3f, 0xc0, 0x30, 0xc0, 0x30, 0xc0, 0x30, 0xc0, 0x30, 0xc0, 0x30, 0xc0, 0x30, 0xc0, 0x30, 0xc0,
    0x30, 0xc0, 0x30, 0xc0, 0x30, 0xc0, 0x30, 0xc0, 0x3f, 0xc0, 0x3f, 0x80, 0x00, 0x00, 0x00, 0x00,
    0x00, 0x00, 0x00, 0x00, 0x00, 0x00, 0x00, 0x00, 0x3f, 0x80, 0x3f, 0x80, 0x30, 0x00, 0x30, 0x00,
    0x30, 0x00, 0x30, 0x00, 0x3f, 0x80, 0x3f, 0x80, 0x30, 0x00, 0x30, 0x00, 0x30, 0x00, 0x30, 0x00,
    0x30, 0x00, 0x3f, 0x80, 0x3f, 0x80, 0x00, 0x00, 0x00, 0x00, 0x00, 0x00, 0x00, 0x00, 0x00, 0x00,
    0x00, 0x00, 0x3f, 0x80, 0x3f, 0x80, 0x30, 0x00, 0x30, 0x00, 0x30, 0x00, 0x30, 0x00, 0x3f, 0x80,
    0x3f, 0x80, 0x30, 0x00, 0x30, 0x00, 0x30, 0x00, 0x30, 0x00, 0x30, 0x00, 0x30, 0x00, 0x30, 0x00,
    0x00, 0x00, 0x00, 0x00, 0x00, 0x00, 0x00, 0x00, 0x00, 0x00, 0x00, 0x00, 0x0f, 0x80, 0x1f, 0x80,
    0x30, 0x00, 0x30, 0x00, 0x30, 0x00, 0x30, 0x00, 0x30, 0x00, 0x33, 0xc0, 0x33, 0xc0, 0x30, 0xc0,
    0x30, 0xc0, 0x30, 0xc0, 0x30, 0xc0, 0x1f, 0xc0, 0x0f, 0xc0, 0x00, 0x00, 0x00, 0x00, 0x00, 0x00,
    0x00, 0x00, 0x00, 0x00, 0x00, 0x00, 0x30, 0xc0, 0x30, 0xc0, 0x30, 0xc0, 0x30, 0xc0, 0x30, 0xc0,
    0x30, 0xc0, 0x3f, 0xc0, 0x3f, 0xc0, 0x30, 0xc0, 0x30, 0xc0, 0x30, 0xc0, 0x30, 0xc0, 0x30, 0xc0,
    0x30, 0xc0, 0x30, 0xc0, 0x00, 0x00, 0x00, 0x00, 0x00, 0x00, 0x00, 0x00, 0x00, 0x00, 0x00, 0x00,
    0x1f, 0x80, 0x1f, 0x80, 0x06, 0x00, 0x06, 0x00, 0x06, 0x00, 0x06, 0x00, 0x06, 0x00, 0x06, 0x00,
    0x06, 0x00, 0x06, 0x00, 0x06, 0x00, 0x06, 0x00, 0x06, 0x00, 0x1f, 0x80, 0x1f, 0x80, 0x00, 0x00,
    0x00, 0x00, 0x00, 0x00, 0x00, 0x00, 0x00, 0x00, 0x00, 0x00, 0x1f, 0x80, 0x1f, 0x80, 0x01, 0x80,
    0x01, 0x80, 0x01, 0x80, 0x01, 0x80, 0x01, 0x80, 0x01, 0x80, 0x01, 0x80, 0x01, 0x80, 0x01, 0x80,
    0x01, 0x80, 0x01, 0x80, 0x1f, 0x00, 0x1e, 0x00, 0x00, 0x00, 0x00, 0x00, 0x00, 0x00, 0x00, 0x00,
    0x00, 0x00, 0x00, 0x00, 0x30, 0xc0, 0x31, 0x80, 0x31, 0x80, 0x33, 0x00, 0x36, 0x00, 0x36, 0x00,
    0x3c, 0x00, 0x3c, 0x00, 0x3e, 0x00, 0x37, 0x00, 0x33, 0x00, 0x31, 0x80, 0x31, 0x80, 0x30, 0xc0,
    0x30, 0xe0, 0x00, 0x00, 0x00, 0x00, 0x00, 0x00, 0x00, 0x00, 0x00, 0x00, 0x00, 0x00, 0x30, 0x00,
    0x30, 0x00, 0x30, 0x00, 0x30, 0x00, 0x30, 0x00, 0x30, 0x00, 0x30, 0x00, 0x30, 0x00, 0x30, 0x00,
    0x30, 0x00, 0x30, 0x00, 0x30, 0x00, 0x30, 0x00, 0x3f, 0x80, 0x3f, 0x80, 0x00, 0x00, 0x00, 0x00,
    0x00, 0x00, 0x00, 0x00, 0x00, 0x00, 0x00, 0x00, 0x70, 0xe0, 0x78, 0xe0, 0x79, 0xe0, 0x79, 0xe0,
    0x69, 0x60, 0x6d, 0x60, 0x6f, 0x60, 0x6f, 0x60, 0x66, 0x60, 0x66, 0x60, 0x60, 0x60, 0x60, 0x60,
    0x60, 0x60, 0x60, 0x60, 0x60, 0x60, 0x00, 0x00, 0x00, 0x00, 0x00, 0x00, 0x00, 0x00, 0x00, 0x00,
    0x00, 0x00, 0x38, 0xc0, 0x38, 0xc0, 0x38, 0xc0, 0x3c, 0xc0, 0x34, 0xc0, 0x34, 0xc0, 0x34, 0xc0,
    0x36, 0xc0, 0x32, 0xc0, 0x32, 0xc0, 0x32, 0xc0, 0x33, 0xc0, 0x31, 0xc0, 0x31, 0xc0, 0x31, 0xc0,
    0x00, 0x00, 0x00, 0x00, 0x00, 0x00, 0x00, 0x00, 0x00, 0x00, 0x00, 0x00, 0x1f, 0x80, 0x3f, 0xc0,
    0x30, 0xc0, 0x30, 0xc0, 0x30, 0xc0, 0x30, 0xc0, 0x30, 0xc0, 0x30, 0xc0, 0x30, 0xc0, 0x30, 0xc0,
    0x30, 0xc0, 0x30, 0xc0, 0x30, 0xc0, 0x3f, 0xc0, 0x1f, 0x80, 0x00, 0x00, 0x00, 0x00, 0x00, 0x00,
    0x00, 0x00, 0x00, 0x00, 0x00, 0x00, 0x3f, 0x80, 0x3f, 0xc0, 0x30, 0xc0, 0x30, 0xc0, 0x30, 0xc0,
    0x30, 0xc0, 0x30, 0xc0, 0x3f, 0xc0, 0x3f, 0x80, 0x30, 0x00, 0x30, 0x00, 0x30, 0x00, 0x30, 0x00,
    0x30, 0x00, 0x30, 0x00, 0x00, 0x00, 0x00, 0x00, 0x00, 0x00, 0x00, 0x00, 0x00, 0x00, 0x00, 0x00,
    0x1f, 0x80, 0x3f, 0xc0, 0x30, 0xc0, 0x30, 0xc0, 0x30, 0xc0, 0x30, 0xc0, 0x30, 0xc0, 0x30, 0xc0,
    0x30, 0xc0, 0x30, 0xc0, 0x30, 0xc0, 0x30, 0xc0, 0x30, 0xc0, 0x3f, 0xc0, 0x1f, 0xe0, 0x00, 0x60,
    0x00, 0x00, 0x00, 0x00, 0x00, 0x00, 0x00, 0x00, 0x00, 0x00, 0x3f, 0x80, 0x3f, 0xc0, 0x30, 0xc0,
    0x30, 0xc0, 0x30, 0xc0, 0x30, 0xc0, 0x30, 0xc0, 0x3f, 0x80, 0x3f, 0x00, 0x33, 0x00, 0x31, 0x80,
    0x31, 0x80, 0x30, 0xc0, 0x30, 0xc0, 0x30, 0x60, 0x00, 0x00, 0x00, 0x00, 0x00, 0x00, 0x00, 0x00,
    0x00, 0x00, 0x00, 0x00, 0x0f, 0x80, 0x1f, 0x80, 0x30, 0x00, 0x30, 0x00, 0x30, 0x00, 0x30, 0x00,
    0x1f, 0x80, 0x0f, 0xc0, 0x00, 0xc0, 0x00, 0xc0, 0x00, 0xc0, 0x00, 0xc0, 0x00, 0xc0, 0x1f, 0x80,
    0x1f, 0x00, 0x00, 0x00, 0x00, 0x00, 0x00, 0x00, 0x00, 0x00, 0x00, 0x00, 0x00, 0x00, 0x7f, 0xe0,
    0x7f, 0xe0, 0x06, 0x00, 0x06, 0x00, 0x06, 0x00, 0x06, 0x00, 0x06, 0x00, 0x06, 0x00, 0x06, 0x00,
    0x06, 0x00, 0x06, 0x00, 0x06, 0x00, 0x06, 0x00, 0x06, 0x00, 0x06, 0x00, 0x00, 0x00, 0x00, 0x00,
    0x00, 0x00, 0x00, 0x00, 0x00, 0x00, 0x00, 0x00, 0x30, 0xc0, 0x30, 0xc0, 0x30, 0xc0, 0x30, 0xc0,
    0x30, 0xc0, 0x30, 0xc0, 0x30, 0xc0, 0x30, 0xc0, 0x30, 0xc0, 0x30, 0xc0, 0x30, 0xc0, 0x30, 0xc0,
    0x30, 0xc0, 0x3f, 0xc0, 0x0f, 0x00, 0x00, 0x00, 0x00, 0x00, 0x00, 0x00, 0x00, 0x00, 0x00, 0x00,
    0x00, 0x00, 0x60, 0x60, 0x20, 0xc0, 0x30, 0xc0, 0x30, 0xc0, 0x30, 0x80, 0x31, 0x80, 0x11, 0x80,
    0x19, 0x80, 0x19, 0x80, 0x19, 0x00, 0x1b, 0x00, 0x0b, 0x00, 0x0f, 0x00, 0x0e, 0x00, 0x0e, 0x00,
    0x00, 0x00, 0x00, 0x00, 0x00, 0x00, 0x00, 0x00, 0x00, 0x00, 0x00, 0x00, 0x60, 0x60, 0x60, 0x60,
    0x60, 0x60, 0x60, 0x40, 0x60, 0x40, 0x60, 0x40, 0x66, 0x40, 0x66, 0x40, 0x26, 0x40, 0x2e, 0x40,
    0x2f, 0x40, 0x2b, 0x40, 0x29, 0x40, 0x39, 0xc0, 0x39, 0xc0, 0x00, 0x00, 0x00, 0x00, 0x00, 0x00,
    0x00, 0x00, 0x00, 0x00, 0x00, 0x00, 0x70, 0xe0, 0x30, 0xc0, 0x19, 0x80, 0x19, 0x80, 0x0f, 0x00,
    0x0f, 0x00, 0x06, 0x00, 0x06, 0x00, 0x0f, 0x00, 0x0f, 0x00, 0x19, 0x80, 0x19, 0x80, 0x31, 0xc0,
    0x30, 0xc0, 0x60, 0xe0, 0x00, 0x00, 0x00, 0x00, 0x00, 0x00, 0x00, 0x00, 0x00, 0x00, 0x00, 0x00,
    0x60, 0x60, 0x30, 0xc0, 0x30, 0xc0, 0x19, 0x80, 0x19, 0x80, 0x0f, 0x00, 0x0f, 0x00, 0x06, 0x00,
    0x06, 0x00, 0x06, 0x00, 0x06, 0x00, 0x06, 0x00, 0x06, 0x00, 0x06, 0x00, 0x06, 0x00, 0x00, 0x00,
    0x00, 0x00, 0x00, 0x00, 0x00, 0x00, 0x00, 0x00, 0x00, 0x00, 0x3f, 0xc0, 0x3f, 0xc0, 0x00, 0xc0,
    0x01, 0x80, 0x01, 0x00, 0x03, 0x00, 0x02, 0x00, 0x06, 0x00, 0x0c, 0x00, 0x0c, 0x00, 0x18, 0x00,
    0x18, 0x00, 0x30, 0x00, 0x3f, 0xc0, 0x3f, 0xc0, 0x00, 0x00, 0x00, 0x00, 0x00, 0x00, 0x00, 0x00,
    0x00, 0x00, 0x00, 0x00, 0x0f, 0x00, 0x19, 0x80, 0x19, 0x80, 0x19, 0x80, 0x19, 0x80, 0x0f, 0x00,
    0x00, 0x00, 0x00, 0x00, 0x00, 0x00, 0x00, 0x00, 0x00, 0x00, 0x00, 0x00, 0x00, 0x00, 0x00, 0x00,
    0x00, 0x00, 0x00, 0x00, 0x00, 0x00, 0x00, 0x00,
};

static const bitmap_font_t s_share_tech_mono_22 = {
    .width = 12,
    .height = 21,
    .stride = 2,
    .data = s_share_tech_mono_22_data,
};

static const uint8_t s_share_tech_mono_30_data[3480] = {
    0x00, 0x00, 0x00, 0x00, 0x00, 0x00, 0x00, 0x00, 0x00, 0x00, 0x00, 0x00, 0x00, 0x00, 0x00, 0x00,
    0x00, 0x00, 0x00, 0x00, 0x00, 0x00, 0x00, 0x00, 0x00, 0x00, 0x00, 0x00, 0x00, 0x00, 0x00, 0x00,
    0x00, 0x00, 0x00, 0x00, 0x00, 0x00, 0x00, 0x00, 0x00, 0x00, 0x00, 0x00, 0x00, 0x00, 0x00, 0x00,
    0x00, 0x00, 0x00, 0x00, 0x00, 0x00, 0x00, 0x00, 0x00, 0x00, 0x00, 0x00, 0x00, 0x00, 0x00, 0x00,
    0x00, 0x00, 0x01, 0xc0, 0x01, 0xc0, 0x01, 0xc0, 0x01, 0xc0, 0x01, 0xc0, 0x01, 0xc0, 0x01, 0xc0,
    0x01, 0xc0, 0x01, 0xc0, 0x01, 0xc0, 0x01, 0xc0, 0x01, 0xc0, 0x01, 0xc0, 0x01, 0xc0, 0x01, 0xc0,
    0x00, 0x00, 0x00, 0x00, 0x00, 0x00, 0x01, 0xc0, 0x01, 0xc0, 0x01, 0xc0, 0x00, 0x00, 0x00, 0x00,
    0x00, 0x00, 0x00, 0x00, 0x00, 0x00, 0x00, 0x00, 0x00, 0x00, 0x00, 0x00, 0x0e, 0x70, 0x0e, 0x70,
    0x0e, 0x70, 0x0e, 0x70, 0x0e, 0x70, 0x0e, 0x70, 0x04, 0x20, 0x00, 0x00, 0x00, 0x00, 0x00, 0x00,
    0x00, 0x00, 0x00, 0x00, 0x00, 0x00, 0x00, 0x00, 0x00, 0x00, 0x00, 0x00, 0x00, 0x00, 0x00, 0x00,
    0x00, 0x00, 0x00, 0x00, 0x00, 0x00, 0x00, 0x00, 0x00, 0x00, 0x00, 0x00, 0x00, 0x00, 0x00, 0x00,
    0x00, 0x00, 0x00, 0x00, 0x00, 0x00, 0x06, 0x60, 0x06, 0x60, 0x06, 0x60, 0x06, 0x60, 0x06, 0x60,
    0x1f, 0xf8, 0x1f, 0xf8, 0x06, 0x60, 0x06, 0x60, 0x06, 0x60, 0x06, 0x60, 0x06, 0x60, 0x06, 0x60,
    0x1f, 0xf8, 0x1f, 0xf8, 0x06, 0x60, 0x06, 0x60, 0x06, 0x60, 0x06, 0x60, 0x06, 0x60, 0x06, 0x60,
    0x00, 0x00, 0x00, 0x00, 0x00, 0x00, 0x00, 0x00, 0x00, 0x00, 0x00, 0x00, 0x01, 0xc0, 0x01, 0xc0,
    0x01, 0xc0, 0x07, 0xf8, 0x0f, 0xf8, 0x1e, 0x00, 0x1c, 0x00, 0x1c, 0x00, 0x1c, 0x00, 0x1c, 0x00,
    0x1c, 0x00, 0x1e, 0x00, 0x0f, 0xf0, 0x03, 0xf8, 0x00, 0x3c, 0x00, 0x1c, 0x00, 0x1c, 0x00, 0x1c,
    0x00, 0x1c, 0x00, 0x1c, 0x00, 0x3c, 0x0f, 0xf8, 0x0f, 0xf0, 0x01, 0xc0, 0x01, 0xc0, 0x01, 0xc0,
    0x00, 0x00, 0x00, 0x00, 0x00, 0x00, 0x00, 0x00, 0x00, 0x00, 0x1e, 0x00, 0x3f, 0x00, 0x73, 0x80,
    0x61, 0x80, 0x61, 0x80, 0x61, 0x80, 0x73, 0x80, 0x3f, 0x00, 0x1e, 0x00, 0x00, 0x7f, 0x3f, 0xfe,
    0xff, 0x00, 0x80, 0x78, 0x00, 0xfc, 0x00, 0xc6, 0x01, 0xc6, 0x01, 0xc6, 0x01, 0xc6, 0x00, 0xc6,
    0x00, 0xfc, 0x00, 0x78, 0x00, 0x00, 0x00, 0x00, 0x00, 0x00, 0x00, 0x00, 0x00, 0x00, 0x00, 0x00,
    0x00, 0x00, 0x00, 0x00, 0x07, 0xe0, 0x1f, 0xe0, 0x3c, 0x00, 0x38, 0x00, 0x38, 0x00, 0x38, 0x00,
    0x38, 0x00, 0x1c, 0x00, 0x0f, 0xfc, 0x1f, 0xfc, 0x3c, 0x30, 0x38, 0x30, 0x38, 0x30, 0x38, 0x30,
    0x38, 0x30, 0x38, 0x30, 0x38, 0x30, 0x38, 0x30, 0x3c, 0x30, 0x1f, 0xf0, 0x0f, 0xf0, 0x00, 0x00,
    0x00, 0x00, 0x00, 0x00, 0x00, 0x00, 0x00, 0x00, 0x00, 0x00, 0x00, 0x00, 0x00, 0x00, 0x01, 0xc0,
    0x01, 0xc0, 0x01, 0xc0, 0x01, 0xc0, 0x01, 0xc0, 0x01, 0xc0, 0x00, 0x80, 0x00, 0x00, 0x00, 0x00,
    0x00, 0x00, 0x00, 0x00, 0x00, 0x00, 0x00, 0x00, 0x00, 0x00, 0x00, 0x00, 0x00, 0x00, 0x00, 0x00,
    0x00, 0x00, 0x00, 0x00, 0x00, 0x00, 0x00, 0x00, 0x00, 0x00, 0x00, 0x00, 0x00, 0x00, 0x00, 0x00,
    0x00, 0xe0, 0x01, 0xc0, 0x01, 0xc0, 0x03, 0x80, 0x03, 0x80, 0x07, 0x00, 0x07, 0x00, 0x07, 0x00,
    0x07, 0x00, 0x07, 0x00, 0x07, 0x00, 0x07, 0x00, 0x07, 0x00, 0x07, 0x00, 0x07, 0x00, 0x07, 0x00,
    0x07, 0x00, 0x07, 0x00, 0x07, 0x00, 0x07, 0x00, 0x07, 0x00, 0x07, 0x00, 0x07, 0x00, 0x07, 0x00,
    0x03, 0x80, 0x03, 0x80, 0x01, 0xc0, 0x01, 0xc0, 0x00, 0xe0, 0x07, 0x00, 0x03, 0x80, 0x03, 0x80,
    0x01, 0xc0, 0x01, 0xc0, 0x00, 0xe0, 0x00, 0xe0, 0x00, 0xe0, 0x00, 0xe0, 0x00, 0xe0, 0x00, 0xe0,
    0x00, 0xe0, 0x00, 0xe0, 0x00, 0xe0, 0x00, 0xe0, 0x00, 0xe0, 0x00, 0xe0, 0x00, 0xe0, 0x00, 0xe0,
    0x00, 0xe0, 0x00, 0xe0, 0x00, 0xe0, 0x00, 0xe0, 0x00, 0xc0, 0x01, 0xc0, 0x01, 0xc0, 0x03, 0x80,
    0x03, 0x80, 0x07, 0x00, 0x00, 0x00, 0x00, 0x00, 0x00, 0x00, 0x01, 0x80, 0x01, 0x80, 0x01, 0x80,
    0x11, 0x88, 0x3d, 0xbc, 0x3f, 0xfc, 0x03, 0xc0, 0x03, 0xe0, 0x06, 0x60, 0x0e, 0x70, 0x1c, 0x38,
    0x04, 0x20, 0x00, 0x00, 0x00, 0x00, 0x00, 0x00, 0x00, 0x00, 0x00, 0x00, 0x00, 0x00, 0x00, 0x00,
    0x00, 0x00, 0x00, 0x00, 0x00, 0x00, 0x00, 0x00, 0x00, 0x00, 0x00, 0x00, 0x00, 0x00, 0x00, 0x00,
    0x00, 0x00, 0x00, 0x00, 0x00, 0x00, 0x00, 0x00, 0x00, 0x00, 0x00, 0x00, 0x00, 0x00, 0x00, 0x00,
    0x00, 0x00, 0x01, 0x80, 0x01, 0x80, 0x01, 0x80, 0x01, 0x80, 0x01, 0x80, 0x3f, 0xfc, 0x3f, 0xfc,
    0x01, 0x80, 0x01, 0x80, 0x01, 0x80, 0x01, 0x80, 0x00, 0x00, 0x00, 0x00, 0x00, 0x00, 0x00, 0x00,
    0x00, 0x00, 0x00, 0x00, 0x00, 0x00, 0x00, 0x00, 0x00, 0x00, 0x00, 0x00, 0x00, 0x00, 0x00, 0x00,
    0x00, 0x00, 0x00, 0x00, 0x00, 0x00, 0x00, 0x00, 0x00, 0x00, 0x00, 0x00, 0x00, 0x00, 0x00, 0x00,
    0x00, 0x00, 0x00, 0x00, 0x00, 0x00, 0x00, 0x00, 0x00, 0x00, 0x00, 0x00, 0x00, 0x00, 0x00, 0x00,
    0x00, 0x00, 0x00, 0x00, 0x01, 0xc0, 0x01, 0xc0, 0x01, 0xc0, 0x01, 0xc0, 0x01, 0x80, 0x03, 0x80,
    0x03, 0x00, 0x00, 0x00, 0x00, 0x00, 0x00, 0x00, 0x00, 0x00, 0x00, 0x00, 0x00, 0x00, 0x00, 0x00,
    0x00, 0x00, 0x00, 0x00, 0x00, 0x00, 0x00, 0x00, 0x00, 0x00, 0x00, 0x00, 0x00, 0x00, 0x00, 0x00,
    0x1f, 0xf8, 0x1f, 0xf8, 0x00, 0x00, 0x00, 0x00, 0x00, 0x00, 0x00, 0x00, 0x00, 0x00, 0x00, 0x00,
    0x00, 0x00, 0x00, 0x00, 0x00, 0x00, 0x00, 0x00, 0x00, 0x00, 0x00, 0x00, 0x00, 0x00, 0x00, 0x00,
    0x00, 0x00, 0x00, 0x00, 0x00, 0x00, 0x00, 0x00, 0x00, 0x00, 0x00, 0x00, 0x00, 0x00, 0x00, 0x00,
    0x00, 0x00, 0x00, 0x00, 0x00, 0x00, 0x00, 0x00, 0x00, 0x00, 0x00, 0x00, 0x00, 0x00, 0x00, 0x00,
    0x00, 0x00, 0x00, 0x00, 0x00, 0x00, 0x00, 0x00, 0x01, 0xc0, 0x01, 0xc0, 0x01, 0xc0, 0x00, 0x00,
    0x00, 0x00, 0x00, 0x00, 0x00, 0x00, 0x00, 0x00, 0x00, 0x0e, 0x00, 0x0c, 0x00, 0x1c, 0x00, 0x18,
    0x00, 0x38, 0x00, 0x38, 0x00, 0x30, 0x00, 0x70, 0x00, 0x60, 0x00, 0xe0, 0x00, 0xe0, 0x00, 0xc0,
    0x01, 0xc0, 0x01, 0x80, 0x03, 0x80, 0x03, 0x80, 0x03, 0x00, 0x07, 0x00, 0x06, 0x00, 0x0e, 0x00,
    0x0e, 0x00, 0x0c, 0x00, 0x1c, 0x00, 0x18, 0x00, 0x38, 0x00, 0x38, 0x00, 0x70, 0x00, 0x00, 0x00,
    0x00, 0x00, 0x00, 0x00, 0x00, 0x00, 0x00, 0x00, 0x07, 0xe0, 0x0f, 0xf0, 0x1e, 0x78, 0x1c, 0x38,
    0x1c, 0x38, 0x1c, 0x78, 0x1c, 0x78, 0x1c, 0xf8, 0x1c, 0xf8, 0x1c, 0xb8, 0x1d, 0xb8, 0x1d, 0xb8,
    0x1f, 0x38, 0x1f, 0x38, 0x1e, 0x38, 0x1e, 0x38, 0x1c, 0x38, 0x1c, 0x38, 0x1e, 0x78, 0x0f, 0xf0,
    0x07, 0xe0, 0x00, 0x00, 0x00, 0x00, 0x00, 0x00, 0x00, 0x00, 0x00, 0x00, 0x00, 0x00, 0x00, 0x00,
    0x00, 0x00, 0x07, 0xc0, 0x1f, 0xc0, 0x1f, 0xc0, 0x11, 0xc0, 0x01, 0xc0, 0x01, 0xc0, 0x01, 0xc0,
    0x01, 0xc0, 0x01, 0xc0, 0x01, 0xc0, 0x01, 0xc0, 0x01, 0xc0, 0x01, 0xc0, 0x01, 0xc0, 0x01, 0xc0,
    0x01, 0xc0, 0x01, 0xc0, 0x01, 0xc0, 0x01, 0xc0, 0x1f, 0xf8, 0x1f, 0xf8, 0x00, 0x00, 0x00, 0x00,
    0x00, 0x00, 0x00, 0x00, 0x00, 0x00, 0x00, 0x00, 0x00, 0x00, 0x00, 0x00, 0x0f, 0xc0, 0x0f, 0xf0,
    0x00, 0x70, 0x00, 0x38, 0x00, 0x38, 0x00, 0x38, 0x00, 0x38, 0x00, 0x38, 0x00, 0x38, 0x00, 0x78,
    0x00, 0x70, 0x00, 0xe0, 0x01, 0xe0, 0x01, 0xc0, 0x03, 0x80, 0x07, 0x80, 0x07, 0x00, 0x0e, 0x00,
    0x1c, 0x00, 0x1f, 0xfc, 0x1f, 0xfc, 0x00, 0x00, 0x00, 0x00, 0x00, 0x00, 0x00, 0x00, 0x00, 0x00,
    0x00, 0x00, 0x00, 0x00, 0x00, 0x00, 0x1f, 0x80, 0x1f, 0xe0, 0x00, 0xf0, 0x00, 0x70, 0x00, 0x70,
    0x00, 0x70, 0x00, 0x70, 0x00, 0x70, 0x00, 0xf0, 0x0f, 0xe0, 0x0f, 0xe0, 0x00, 0xf0, 0x00, 0x70,
    0x00, 0x70, 0x00, 0x70, 0x00, 0x70, 0x00, 0x70, 0x00, 0x70, 0x00, 0xf0, 0x1f, 0xe0, 0x1f, 0x80,
    0x00, 0x00, 0x00, 0x00, 0x00, 0x00, 0x00, 0x00, 0x00, 0x00, 0x00, 0x00, 0x00, 0x00, 0x00, 0x00,
    0x03, 0x00, 0x03, 0x00, 0x07, 0x00, 0x07, 0x00, 0x06, 0x00, 0x06, 0x00, 0x0e, 0x00, 0x0e, 0x70,
    0x0e, 0x70, 0x0c, 0x70, 0x0c, 0x70, 0x1c, 0x70, 0x1c, 0x70, 0x1c, 0x70, 0x1f, 0xfc, 0x1f, 0xfc,
    0x00, 0x70, 0x00, 0x70, 0x00, 0x70, 0x00, 0x70, 0x00, 0x70, 0x00, 0x00, 0x00, 0x00, 0x00, 0x00,
    0x00, 0x00, 0x00, 0x00, 0x00, 0x00, 0x00, 0x00, 0x00, 0x00, 0x0f, 0xf8, 0x0f, 0xf8, 0x0e, 0x00,
    0x0e, 0x00, 0x0e, 0x00, 0x0e, 0x00, 0x0e, 0x00, 0x0e, 0x00, 0x0f, 0xc0, 0x0f, 0xe0, 0x00, 0xf0,
    0x00, 0x70, 0x00, 0x70, 0x00, 0x70, 0x00, 0x70, 0x00, 0x70, 0x00, 0x70, 0x00, 0x70, 0x00, 0xf0,
    0x1f, 0xe0, 0x1f, 0x80, 0x00, 0x00, 0x00, 0x00, 0x00, 0x00, 0x00, 0x00, 0x00, 0x00, 0x00, 0x00,
    0x00, 0x00, 0x00, 0x00, 0x03, 0xf8, 0x0f, 0xf8, 0x0e, 0x00, 0x1c, 0x00, 0x1c, 0x00, 0x1c, 0x00,
    0x1c, 0x00, 0x1c, 0x00, 0x1f, 0xe0, 0x1f, 0xf0, 0x1c, 0x38, 0x1c, 0x38, 0x1c, 0x38, 0x1c, 0x38,
    0x1c, 0x38, 0x1c, 0x38, 0x1c, 0x38, 0x1c, 0x38, 0x1e, 0x78, 0x0f, 0xf0, 0x07, 0xe0, 0x00, 0x00,
    0x00, 0x00, 0x00, 0x00, 0x00, 0x00, 0x00, 0x00, 0x00, 0x00, 0x00, 0x00, 0x00, 0x00, 0x1f, 0xf8,
    0x1f, 0xf8, 0x00, 0x38, 0x00, 0x38, 0x00, 0x30, 0x00, 0x70, 0x00, 0x70, 0x00, 0x70, 0x00, 0xe0,
    0x00, 0xe0, 0x00, 0xe0, 0x00, 0xc0, 0x01, 0xc0, 0x01, 0xc0, 0x01, 0xc0, 0x03, 0x80, 0x03, 0x80,
    0x03, 0x80, 0x03, 0x00, 0x07, 0x00, 0x07, 0x00, 0x00, 0x00, 0x00, 0x00, 0x00, 0x00, 0x00, 0x00,
    0x00, 0x00, 0x00, 0x00, 0x00, 0x00, 0x00, 0x00, 0x0f, 0xe0, 0x1f, 0xf0, 0x3c, 0x78, 0x38, 0x38,
    0x38, 0x38, 0x38, 0x38, 0x38, 0x38, 0x38, 0x38, 0x1c, 0x78, 0x0f, 0xf0, 0x1f, 0xf0, 0x3c, 0x78,
    0x38, 0x38, 0x38, 0x38, 0x38, 0x38, 0x38, 0x38, 0x38, 0x38, 0x38, 0x38, 0x38, 0x78, 0x1f, 0xf0,
    0x0f, 0xe0, 0x00, 0x00, 0x00, 0x00, 0x00, 0x00, 0x00, 0x00, 0x00, 0x00, 0x00, 0x00, 0x00, 0x00,
    0x00, 0x00, 0x07, 0xe0, 0x0f, 0xf0, 0x1e, 0x78, 0x1c, 0x38, 0x1c, 0x38, 0x1c, 0x38, 0x1c, 0x38,
    0x1c, 0x38, 0x1c, 0x38, 0x1c, 0x38, 0x1c, 0x38, 0x0f, 0xf8, 0x07, 0xf8, 0x00, 0x38, 0x00, 0x38,
    0x00, 0x38, 0x00, 0x38, 0x00, 0x38, 0x00, 0x70, 0x0f, 0xf0, 0x0f, 0xc0, 0x00, 0x00, 0x00, 0x00,
    0x00, 0x00, 0x00, 0x00, 0x00, 0x00, 0x00, 0x00, 0x00, 0x00, 0x00, 0x00, 0x00, 0x00, 0x00, 0x00,
    0x00, 0x00, 0x00, 0x00, 0x00, 0x00, 0x00, 0x00, 0x01, 0xc0, 0x01, 0xc0, 0x01, 0xc0, 0x00, 0x00,
    0x00, 0x00, 0x00, 0x00, 0x00, 0x00, 0x00, 0x00, 0x00, 0x00, 0x00, 0x00, 0x00, 0x00, 0x00, 0x00,
    0x01, 0xc0, 0x01, 0xc0, 0x01, 0xc0, 0x00, 0x00, 0x00, 0x00, 0x00, 0x00, 0x00, 0x00, 0x00, 0x00,
    0x00, 0x00, 0x00, 0x00, 0x00, 0x00, 0x00, 0x00, 0x00, 0x00, 0x00, 0x00, 0x00, 0x00, 0x00, 0x00,
    0x00, 0x00, 0x01, 0xc0, 0x01, 0xc0, 0x01, 0xc0, 0x00, 0x00, 0x00, 0x00, 0x00, 0x00, 0x00, 0x00,
    0x00, 0x00, 0x00, 0x00, 0x00, 0x00, 0x00, 0x00, 0x00, 0x00, 0x01, 0xc0, 0x01, 0xc0, 0x01, 0xc0,
    0x01, 0xc0, 0x03, 0x80, 0x03, 0x80, 0x03, 0x00, 0x00, 0x00, 0x00, 0x00, 0x00, 0x00, 0x00, 0x00,
    0x00, 0x00, 0x00, 0x00, 0x00, 0x00, 0x00, 0x00, 0x00, 0x04, 0x00, 0x1c, 0x00, 0x7c, 0x03, 0xf0,
    0x0f, 0xc0, 0x3f, 0x00, 0x3c, 0x00, 0x3c, 0x00, 0x3f, 0x00, 0x0f, 0xc0, 0x03, 0xf0, 0x00, 0xfc,
    0x00, 0x1c, 0x00, 0x04, 0x00, 0x00, 0x00, 0x00, 0x00, 0x00, 0x00, 0x00, 0x00, 0x00, 0x00, 0x00,
    0x00, 0x00, 0x00, 0x00, 0x00, 0x00, 0x00, 0x00, 0x00, 0x00, 0x00, 0x00, 0x00, 0x00, 0x00, 0x00,
    0x00, 0x00, 0x00, 0x00, 0x00, 0x00, 0x00, 0x00, 0x00, 0x00, 0x3f, 0xfc, 0x3f, 0xfc, 0x00, 0x00,
    0x00, 0x00, 0x00, 0x00, 0x00, 0x00, 0x3f, 0xfc, 0x3f, 0xfc, 0x00, 0x00, 0x00, 0x00, 0x00, 0x00,
    0x00, 0x00, 0x00, 0x00, 0x00, 0x00, 0x00, 0x00, 0x00, 0x00, 0x00, 0x00, 0x00, 0x00, 0x00, 0x00,
    0x00, 0x00, 0x00, 0x00, 0x00, 0x00, 0x00, 0x00, 0x00, 0x00, 0x00, 0x00, 0x20, 0x00, 0x3c, 0x00,
    0x3f, 0x00, 0x0f, 0xc0, 0x03, 0xf0, 0x00, 0x7c, 0x00, 0x1c, 0x00, 0x1c, 0x00, 0xfc, 0x03, 0xf0,
    0x0f, 0xc0, 0x3f, 0x00, 0x3c, 0x00, 0x20, 0x00, 0x00, 0x00, 0x00, 0x00, 0x00, 0x00, 0x00, 0x00,
    0x00, 0x00, 0x00, 0x00, 0x00, 0x00, 0x00, 0x00, 0x00, 0x00, 0x00, 0x00, 0x00, 0x00, 0x1f, 0xc0,
    0x1f, 0xe0, 0x00, 0xf0, 0x00, 0x70, 0x00, 0x70, 0x00, 0x70, 0x00, 0x70, 0x00, 0xf0, 0x00, 0xe0,
    0x01, 0xe0, 0x03, 0xc0, 0x03, 0x80, 0x03, 0x80, 0x03, 0x80, 0x00, 0x00, 0x00, 0x00, 0x00, 0x00,
    0x00, 0x00, 0x03, 0x80, 0x03, 0x80, 0x03, 0x80, 0x00, 0x00, 0x00, 0x00, 0x00, 0x00, 0x00, 0x00,
    0x00, 0x00, 0x00, 0x00, 0x00, 0x00, 0x00, 0x00, 0x1f, 0xf8, 0x3f, 0xfc, 0x70, 0x0e, 0x60, 0x06,
    0x60, 0x06, 0x63, 0xe6, 0x67, 0xe6, 0x66, 0x66, 0x66, 0x66, 0x66, 0x66, 0x66, 0x66, 0x66, 0x66,
    0x66, 0x66, 0x66, 0x66, 0x66, 0x66, 0x67, 0xe6, 0x63, 0xbe, 0x60, 0x3c, 0x70, 0x00, 0x3f, 0xe0,
    0x1f, 0xe0, 0x00, 0x00, 0x00, 0x00, 0x00, 0x00, 0x00, 0x00, 0x00, 0x00, 0x00, 0x00, 0x00, 0x00,
    0x00, 0x00, 0x03, 0xc0, 0x03, 0xc0, 0x03, 0xc0, 0x03, 0xe0, 0x07, 0x60, 0x06, 0x60, 0x06, 0x60,
    0x06, 0x70, 0x0e, 0x70, 0x0e, 0x30, 0x0c, 0x30, 0x0c, 0x38, 0x1c, 0x38, 0x1c, 0x38, 0x1f, 0xf8,
    0x1f, 0xfc, 0x38, 0x1c, 0x38, 0x1c, 0x38, 0x0c, 0x30, 0x0c, 0x70, 0x0e, 0x00, 0x00, 0x00, 0x00,
    0x00, 0x00, 0x00, 0x00, 0x00, 0x00, 0x00, 0x00, 0x00, 0x00, 0x00, 0x00, 0x3f, 0xf0, 0x3f, 0xf8,
    0x38, 0x3c, 0x38, 0x1c, 0x38, 0x1c, 0x38, 0x1c, 0x38, 0x1c, 0x38, 0x1c, 0x38, 0x38, 0x3f, 0xf8,
    0x3f, 0xf8, 0x38, 0x3c, 0x38, 0x1c, 0x38, 0x1c, 0x38, 0x1c, 0x38, 0x1c, 0x38, 0x1c, 0x38, 0x1c,
    0x38, 0x3c, 0x3f, 0xf8, 0x3f, 0xf0, 0x00, 0x00, 0x00, 0x00, 0x00, 0x00, 0x00, 0x00, 0x00, 0x00,
    0x00, 0x00, 0x00, 0x00, 0x00, 0x00, 0x03, 0xf8, 0x0f, 0xf8, 0x0e, 0x00, 0x1c, 0x00, 0x1c, 0x00,
    0x1c, 0x00, 0x1c, 0x00, 0x1c, 0x00, 0x1c, 0x00, 0x1c, 0x00, 0x1c, 0x00, 0x1c, 0x00, 0x1c, 0x00,
    0x1c, 0x00, 0x1c, 0x00, 0x1c, 0x00, 0x1c, 0x00, 0x1c, 0x00, 0x0e, 0x00, 0x0f, 0xf8, 0x03, 0xf8,
    0x00, 0x00, 0x00, 0x00, 0x00, 0x00, 0x00, 0x00, 0x00, 0x00, 0x00, 0x00, 0x00, 0x00, 0x00, 0x00,
    0x3f, 0xe0, 0x3f, 0xf8, 0x38, 0x3c, 0x38, 0x1c, 0x38, 0x1c, 0x38, 0x1c, 0x38, 0x1c, 0x38, 0x1c,
    0x38, 0x1c, 0x38, 0x1c, 0x38, 0x1c, 0x38, 0x1c, 0x38, 0x1c, 0x38, 0x1c, 0x38, 0x1c, 0x38, 0x1c,
    0x38, 0x1c, 0x38, 0x1c, 0x38, 0x3c, 0x3f, 0xf8, 0x3f, 0xf0, 0x00, 0x00, 0x00, 0x00, 0x00, 0x00,
    0x00, 0x00, 0x00, 0x00, 0x00, 0x00, 0x00, 0x00, 0x00, 0x00, 0x1f, 0xf8, 0x1f, 0xf8, 0x1c, 0x00,
    0x1c, 0x00, 0x1c, 0x00, 0x1c, 0x00, 0x1c, 0x00, 0x1c, 0x00, 0x1c, 0x00, 0x1f, 0xf8, 0x1f, 0xf8,
    0x1c, 0x00, 0x1c, 0x00, 0x1c, 0x00, 0x1c, 0x00, 0x1c, 0x00, 0x1c, 0x00, 0x1c, 0x00, 0x1c, 0x00,
    0x1f, 0xf8, 0x1f, 0xf8, 0x00, 0x00, 0x00, 0x00, 0x00, 0x00, 0x00, 0x00, 0x00, 0x00, 0x00, 0x00,
    0x00, 0x00, 0x00, 0x00, 0x1f, 0xf8, 0x1f, 0xf8, 0x1c, 0x00, 0x1c, 0x00, 0x1c, 0x00, 0x1c, 0x00,
    0x1c, 0x00, 0x1c, 0x00, 0x1c, 0x00, 0x1f, 0xf8, 0x1f, 0xf8, 0x1c, 0x00, 0x1c, 0x00, 0x1c, 0x00,
    0x1c, 0x00, 0x1c, 0x00, 0x1c, 0x00, 0x1c, 0x00, 0x1c, 0x00, 0x1c, 0x00, 0x1c, 0x00, 0x00, 0x00,
    0x00, 0x00, 0x00, 0x00, 0x00, 0x00, 0x00, 0x00, 0x00, 0x00, 0x00, 0x00, 0x00, 0x00, 0x03, 0xf8,
    0x0f, 0xf8, 0x0e, 0x00, 0x1c, 0x00, 0x1c, 0x00, 0x1c, 0x00, 0x1c, 0x00, 0x1c, 0x00, 0x1c, 0x00,
    0x1c, 0x00, 0x1c, 0xf8, 0x1c, 0xf8, 0x1c, 0x18, 0x1c, 0x18, 0x1c, 0x18, 0x1c, 0x18, 0x1c, 0x18,
    0x1c, 0x18, 0x1e, 0x18, 0x0f, 0xf8, 0x07, 0xf8, 0x00, 0x00, 0x00, 0x00, 0x00, 0x00, 0x00, 0x00,
    0x00, 0x00, 0x00, 0x00, 0x00, 0x00, 0x00, 0x00, 0x38, 0x1c, 0x38, 0x1c, 0x38, 0x1c, 0x38, 0x1c,
    0x38, 0x1c, 0x38, 0x1c, 0x38, 0x1c, 0x38, 0x1c, 0x38, 0x1c, 0x3f, 0xfc, 0x3f, 0xfc, 0x38, 0x1c,
    0x38, 0x1c, 0x38, 0x1c, 0x38, 0x1c, 0x38, 0x1c, 0x38, 0x1c, 0x38, 0x1c, 0x38, 0x1c, 0x38, 0x1c,
    0x38, 0x1c, 0x00, 0x00, 0x00, 0x00, 0x00, 0x00, 0x00, 0x00, 0x00, 0x00, 0x00, 0x00, 0x00, 0x00,
    0x00, 0x00, 0x0f, 0xf8, 0x0f, 0xf8, 0x01, 0xc0, 0x01, 0xc0, 0x01, 0xc0, 0x01, 0xc0, 0x01, 0xc0,
    0x01, 0xc0, 0x01, 0xc0, 0x01, 0xc0, 0x01, 0xc0, 0x01, 0xc0, 0x01, 0xc0, 0x01, 0xc0, 0x01, 0xc0,
    0x01, 0xc0, 0x01, 0xc0, 0x01, 0xc0, 0x01, 0xc0, 0x0f, 0xf8, 0x0f, 0xf8, 0x00, 0x00, 0x00, 0x00,
    0x00, 0x00, 0x00, 0x00, 0x00, 0x00, 0x00, 0x00, 0x00, 0x00, 0x00, 0x00, 0x0f, 0xf0, 0x0f, 0xf0,
    0x00, 0x70, 0x00, 0x70, 0x00, 0x70, 0x00, 0x70, 0x00, 0x70, 0x00, 0x70, 0x00, 0x70, 0x00, 0x70,
    0x00, 0x70, 0x00, 0x70, 0x00, 0x70, 0x00, 0x70, 0x00, 0x70, 0x00, 0x70, 0x00, 0x70, 0x00, 0x70,
    0x00, 0xe0, 0x1f, 0xe0, 0x1f, 0x80, 0x00, 0x00, 0x00, 0x00, 0x00, 0x00, 0x00, 0x00, 0x00, 0x00,
    0x00, 0x00, 0x00, 0x00, 0x00, 0x00, 0x38, 0x3c, 0x38, 0x38, 0x38, 0x70, 0x38, 0xe0, 0x38, 0xe0,
    0x39, 0xc0, 0x39, 0x80, 0x3b, 0x80, 0x3f, 0x00, 0x3f, 0x00, 0x3f, 0x00, 0x3f, 0x80, 0x3d, 0x80,
    0x39, 0xc0, 0x38, 0xe0, 0x38, 0xe0, 0x38, 0x70, 0x38, 0x70, 0x38, 0x38, 0x38, 0x38, 0x38, 0x1c,
    0x00, 0x00, 0x00, 0x00, 0x00, 0x00, 0x00, 0x00, 0x00, 0x00, 0x00, 0x00, 0x00, 0x00, 0x00, 0x00,
    0x1c, 0x00, 0x1c, 0x00, 0x1c, 0x00, 0x1c, 0x00, 0x1c, 0x00, 0x1c, 0x00, 0x1c, 0x00, 0x1c, 0x00,
    0x1c, 0x00, 0x1c, 0x00, 0x1c, 0x00, 0x1c, 0x00, 0x1c, 0x00, 0x1c, 0x00, 0x1c, 0x00, 0x1c, 0x00,
    0x1c, 0x00, 0x1c, 0x00, 0x1c, 0x00, 0x1f, 0xf8, 0x1f, 0xf8, 0x00, 0x00, 0x00, 0x00, 0x00, 0x00,
    0x00, 0x00, 0x00, 0x00, 0x00, 0x00, 0x00, 0x00, 0x00, 0x00, 0x3c, 0x3c, 0x3c, 0x3c, 0x3c, 0x3c,
    0x3e, 0x3c, 0x36, 0x6c, 0x36, 0x6c, 0x36, 0x6c, 0x36, 0x6c, 0x33, 0xcc, 0x33, 0xcc, 0x33, 0xcc,
    0x33, 0xcc, 0x33, 0xcc, 0x31, 0x8c, 0x30, 0x0c, 0x30, 0x0c, 0x30, 0x0c, 0x30, 0x0c, 0x30, 0x0c,
    0x30, 0x0c, 0x30, 0x0c, 0x00, 0x00, 0x00, 0x00, 0x00, 0x00, 0x00, 0x00, 0x00, 0x00, 0x00, 0x00,
    0x00, 0x00, 0x00, 0x00, 0x3e, 0x0c, 0x3e, 0x0c, 0x3e, 0x0c, 0x3f, 0x0c, 0x37, 0x0c, 0x37, 0x0c,
    0x37, 0x8c, 0x37, 0x8c, 0x33, 0x8c, 0x33, 0x8c, 0x33, 0xcc, 0x31, 0xcc, 0x31, 0xcc, 0x31, 0xec,
    0x31, 0xec, 0x30, 0xec, 0x30, 0xec, 0x30, 0xfc, 0x30, 0x7c, 0x30, 0x7c, 0x30, 0x7c, 0x00, 0x00,
    0x00, 0x00, 0x00, 0x00, 0x00, 0x00, 0x00, 0x00, 0x00, 0x00, 0x00, 0x00, 0x00, 0x00, 0x07, 0xe0,
    0x1f, 0xf8, 0x3c, 0x3c, 0x38, 0x1c, 0x38, 0x1c, 0x38, 0x1c, 0x38, 0x1c, 0x38, 0x1c, 0x38, 0x1c,
    0x38, 0x1c, 0x38, 0x1c, 0x38, 0x1c, 0x38, 0x1c, 0x38, 0x1c, 0x38, 0x1c, 0x38, 0x1c, 0x38, 0x1c,
    0x38, 0x1c, 0x3c, 0x38, 0x1f, 0xf8, 0x07, 0xe0, 0x00, 0x00, 0x00, 0x00, 0x00, 0x00, 0x00, 0x00,
    0x00, 0x00, 0x00, 0x00, 0x00, 0x00, 0x00, 0x00, 0x1f, 0xe0, 0x1f, 0xf0, 0x1c, 0x38, 0x1c, 0x38,
    0x1c, 0x38, 0x1c, 0x38, 0x1c, 0x38, 0x1c, 0x38, 0x1c, 0x38, 0x1c, 0x38, 0x1c, 0x38, 0x1f, 0xf0,
    0x1f, 0xe0, 0x1c, 0x00, 0x1c, 0x00, 0x1c, 0x00, 0x1c, 0x00, 0x1c, 0x00, 0x1c, 0x00, 0x1c, 0x00,
    0x1c, 0x00, 0x00, 0x00, 0x00, 0x00, 0x00, 0x00, 0x00, 0x00, 0x00, 0x00, 0x00, 0x00, 0x00, 0x00,
    0x00, 0x00, 0x07, 0xe0, 0x1f, 0xf8, 0x3c, 0x3c, 0x38, 0x1c, 0x38, 0x1c, 0x38, 0x1c, 0x38, 0x1c,
    0x38, 0x1c, 0x38, 0x1c, 0x38, 0x1c, 0x38, 0x1c, 0x38, 0x1c, 0x38, 0x1c, 0x38, 0x1c, 0x38, 0x1c,
    0x38, 0x1c, 0x38, 0x1c, 0x38, 0x1c, 0x3c, 0x3c, 0x1f, 0xfc, 0x0f, 0xfe, 0x00, 0x0f, 0x00, 0x04,
    0x00, 0x00, 0x00, 0x00, 0x00, 0x00, 0x00, 0x00, 0x00, 0x00, 0x00, 0x00, 0x3f, 0xe0, 0x3f, 0xf0,
    0x38, 0x78, 0x38, 0x38, 0x38, 0x38, 0x38, 0x38, 0x38, 0x38, 0x38, 0x38, 0x38, 0x38, 0x38, 0x78,
    0x3f, 0xf0, 0x3f, 0xe0, 0x38, 0xc0, 0x38, 0xe0, 0x38, 0x60, 0x38, 0x70, 0x38, 0x70, 0x38, 0x38,
    0x38, 0x38, 0x38, 0x18, 0x38, 0x1c, 0x00, 0x00, 0x00, 0x00, 0x00, 0x00, 0x00, 0x00, 0x00, 0x00,
    0x00, 0x00, 0x00, 0x00, 0x00, 0x00, 0x03, 0xf8, 0x0f, 0xf8, 0x0e, 0x00, 0x1c, 0x00, 0x1c, 0x00,
    0x1c, 0x00, 0x1c, 0x00, 0x1c, 0x00, 0x1e, 0x00, 0x0f, 0xe0, 0x07, 0xf0, 0x00, 0x78, 0x00, 0x38,
    0x00, 0x38, 0x00, 0x38, 0x00, 0x38, 0x00, 0x38, 0x00, 0x38, 0x00, 0x70, 0x1f, 0xf0, 0x1f, 0xc0,
    0x00, 0x00, 0x00, 0x00, 0x00, 0x00, 0x00, 0x00, 0x00, 0x00, 0x00, 0x00, 0x00, 0x00, 0x00, 0x00,
    0x3f, 0xfe, 0x3f, 0xfe, 0x01, 0xc0, 0x01, 0xc0, 0x01, 0xc0, 0x01, 0xc0, 0x01, 0xc0, 0x01, 0xc0,
    0x01, 0xc0, 0x01, 0xc0, 0x01, 0xc0, 0x01, 0xc0, 0x01, 0xc0, 0x01, 0xc0, 0x01, 0xc0, 0x01, 0xc0,
    0x01, 0xc0, 0x01, 0xc0, 0x01, 0xc0, 0x01, 0xc0, 0x01, 0xc0, 0x00, 0x00, 0x00, 0x00, 0x00, 0x00,
    0x00, 0x00, 0x00, 0x00, 0x00, 0x00, 0x00, 0x00, 0x00, 0x00, 0x38, 0x1c, 0x38, 0x1c, 0x38, 0x1c,
    0x38, 0x1c, 0x38, 0x1c, 0x38, 0x1c, 0x38, 0x1c, 0x38, 0x1c, 0x38, 0x1c, 0x38, 0x1c, 0x38, 0x1c,
    0x38, 0x1c, 0x38, 0x1c, 0x38, 0x1c, 0x38, 0x1c, 0x38, 0x1c, 0x38, 0x1c, 0x38, 0x1c, 0x3c, 0x38,
    0x1f, 0xf8, 0x07, 0xe0, 0x00, 0x00, 0x00, 0x00, 0x00, 0x00, 0x00, 0x00, 0x00, 0x00, 0x00, 0x00,
    0x00, 0x00, 0x00, 0x00, 0x30, 0x0c, 0x38, 0x1c, 0x38, 0x1c, 0x38, 0x1c, 0x18, 0x18, 0x18, 0x18,
    0x1c, 0x38, 0x1c, 0x38, 0x1c, 0x30, 0x0c, 0x30, 0x0c, 0x30, 0x0e, 0x70, 0x0e, 0x70, 0x06, 0x60,
    0x06, 0x60, 0x06, 0x60, 0x07, 0xe0, 0x07, 0xc0, 0x03, 0xc0, 0x03, 0xc0, 0x03, 0xc0, 0x00, 0x00,
    0x00, 0x00, 0x00, 0x00, 0x00, 0x00, 0x00, 0x00, 0x00, 0x00, 0x00, 0x00, 0x00, 0x00, 0x30, 0x0e,
    0x30, 0x0c, 0x30, 0x0c, 0x30, 0x0c, 0x30, 0x0c, 0x30, 0x0c, 0x30, 0x0c, 0x30, 0x0c, 0x30, 0x0c,
    0x31, 0x8c, 0x31, 0x8c, 0x33, 0xcc, 0x33, 0xcc, 0x33, 0xcc, 0x33, 0xcc, 0x36, 0x6c, 0x3e, 0x6c,
    0x3e, 0x6c, 0x3e, 0x6c, 0x3e, 0x7c, 0x1c, 0x3c, 0x00, 0x00, 0x00, 0x00, 0x00, 0x00, 0x00, 0x00,
    0x00, 0x00, 0x00, 0x00, 0x00, 0x00, 0x00, 0x00, 0x38, 0x1c, 0x1c, 0x1c, 0x1c, 0x38, 0x0c, 0x38,
    0x0e, 0x70, 0x06, 0x70, 0x07, 0xe0, 0x03, 0xe0, 0x03, 0xc0, 0x03, 0xc0, 0x01, 0xc0, 0x03, 0xc0,
    0x03, 0xe0, 0x07, 0xe0, 0x06, 0x70, 0x0e, 0x70, 0x0e, 0x38, 0x1c, 0x38, 0x1c, 0x18, 0x38, 0x1c,
    0x38, 0x1e, 0x00, 0x00, 0x00, 0x00, 0x00, 0x00, 0x00, 0x00, 0x00, 0x00, 0x00, 0x00, 0x00, 0x00,
    0x00, 0x00, 0x38, 0x0e, 0x38, 0x0e, 0x1c, 0x0c, 0x1c, 0x1c, 0x0e, 0x18, 0x0e, 0x38, 0x07, 0x30,
    0x07, 0x70, 0x03, 0xe0, 0x03, 0xe0, 0x01, 0xc0, 0x01, 0xc0, 0x01, 0xc0, 0x01, 0xc0, 0x01, 0xc0,
    0x01, 0xc0, 0x01, 0xc0, 0x01, 0xc0, 0x01, 0xc0, 0x01, 0xc0, 0x01, 0xc0, 0x00, 0x00, 0x00, 0x00,
    0x00, 0x00, 0x00, 0x00, 0x00, 0x00, 0x00, 0x00, 0x00, 0x00, 0x00, 0x00, 0x1f, 0xfc, 0x1f, 0xfc,
    0x00, 0x1c, 0x00, 0x38, 0x00, 0x38, 0x00, 0x70, 0x00, 0x70, 0x00, 0xe0, 0x00, 0xe0, 0x01, 0xc0,
    0x01, 0xc0, 0x03, 0x80, 0x03, 0x80, 0x07, 0x00, 0x07, 0x00, 0x0e, 0x00, 0x0e, 0x00, 0x1c, 0x00,
    0x1c, 0x00, 0x1f, 0xf8, 0x1f, 0xf8, 0x00, 0x00, 0x00, 0x00, 0x00, 0x00, 0x00, 0x00, 0x00, 0x00,
    0x00, 0x00, 0x00, 0x00, 0x00, 0x00, 0x03, 0xc0, 0x07, 0xe0, 0x0c, 0x30, 0x0c, 0x30, 0x0c, 0x30,
    0x0c, 0x30, 0x0c, 0x30, 0x0f, 0xe0, 0x03, 0xc0, 0x00, 0x00, 0x00, 0x00, 0x00, 0x00, 0x00, 0x00,
    0x00, 0x00, 0x00, 0x00, 0x00, 0x00, 0x00, 0x00, 0x00, 0x00, 0x00, 0x00, 0x00, 0x00, 0x00, 0x00,
    0x00, 0x00, 0x00, 0x00, 0x00, 0x00, 0x00, 0x00,
};

static const bitmap_font_t s_share_tech_mono_30 = {
    .width = 16,
    .height = 29,
    .stride = 2,
    .data = s_share_tech_mono_30_data,
};

static const uint8_t s_share_tech_mono_46_data[10560] = {
    0x00, 0x00, 0x00, 0x00, 0x00, 0x00, 0x00, 0x00, 0x00, 0x00, 0x00, 0x00, 0x00, 0x00, 0x00, 0x00,
    0x00, 0x00, 0x00, 0x00, 0x00, 0x00, 0x00, 0x00, 0x00, 0x00, 0x00, 0x00, 0x00, 0x00, 0x00, 0x00,
    0x00, 0x00, 0x00, 0x00, 0x00, 0x00, 0x00, 0x00, 0x00, 0x00, 0x00, 0x00, 0x00, 0x00, 0x00, 0x00,
    0x00, 0x00, 0x00, 0x00, 0x00, 0x00, 0x00, 0x00, 0x00, 0x00, 0x00, 0x00, 0x00, 0x00, 0x00, 0x00,
    0x00, 0x00, 0x00, 0x00, 0x00, 0x00, 0x00, 0x00, 0x00, 0x00, 0x00, 0x00, 0x00, 0x00, 0x00, 0x00,
    0x00, 0x00, 0x00, 0x00, 0x00, 0x00, 0x00, 0x00, 0x00, 0x00, 0x00, 0x00, 0x00, 0x00, 0x00, 0x00,
    0x00, 0x00, 0x00, 0x00, 0x00, 0x00, 0x00, 0x00, 0x00, 0x00, 0x00, 0x00, 0x00, 0x00, 0x00, 0x00,
    0x00, 0x00, 0x00, 0x00, 0x00, 0x00, 0x00, 0x00, 0x00, 0x00, 0x00, 0x00, 0x00, 0x00, 0x00, 0x00,
    0x00, 0x00, 0x00, 0x00, 0x00, 0x00, 0x00, 0x00, 0x00, 0x00, 0x00, 0x00, 0x00, 0x00, 0x00, 0x00,
    0x00, 0x00, 0x00, 0x00, 0x00, 0x00, 0x00, 0x00, 0x00, 0x00, 0x00, 0x00, 0x00, 0x00, 0x00, 0x00,
    0x00, 0x00, 0x00, 0x00, 0x00, 0x00, 0x00, 0x00, 0x00, 0x00, 0x00, 0x00, 0x00, 0x00, 0x00, 0x00,
    0x00, 0x00, 0x00, 0x00, 0x00, 0x00, 0x00, 0x00, 0x00, 0x00, 0x00, 0x00, 0x00, 0x00, 0x00, 0x00,
    0x00, 0x00, 0x00, 0x00, 0x00, 0x00, 0x00, 0x00, 0x00, 0x3c, 0x00, 0x00, 0x00, 0x3c, 0x00, 0x00,
    0x00, 0x3c, 0x00, 0x00, 0x00, 0x3c, 0x00, 0x00, 0x00, 0x3c, 0x00, 0x00, 0x00, 0x3c, 0x00, 0x00,
    0x00, 0x3c, 0x00, 0x00, 0x00, 0x3c, 0x00, 0x00, 0x00, 0x3c, 0x00, 0x00, 0x00, 0x3c, 0x00, 0x00,
    0x00, 0x3c, 0x00, 0x00, 0x00, 0x3c, 0x00, 0x00, 0x00, 0x3c, 0x00, 0x00, 0x00, 0x3c, 0x00, 0x00,
    0x00, 0x3c, 0x00, 0x00, 0x00, 0x3c, 0x00, 0x00, 0x00, 0x3c, 0x00, 0x00, 0x00, 0x3c, 0x00, 0x00,
    0x00, 0x3c, 0x00, 0x00, 0x00, 0x3c, 0x00, 0x00, 0x00, 0x3c, 0x00, 0x00, 0x00, 0x3c, 0x00, 0x00,
    0x00, 0x3c, 0x00, 0x00, 0x00, 0x00, 0x00, 0x00, 0x00, 0x00, 0x00, 0x00, 0x00, 0x00, 0x00, 0x00,
    0x00, 0x00, 0x00, 0x00, 0x00, 0x3e, 0x00, 0x00, 0x00, 0x3e, 0x00, 0x00, 0x00, 0x3e, 0x00, 0x00,
    0x00, 0x3e, 0x00, 0x00, 0x00, 0x3e, 0x00, 0x00, 0x00, 0x00, 0x00, 0x00, 0x00, 0x00, 0x00, 0x00,
    0x00, 0x00, 0x00, 0x00, 0x00, 0x00, 0x00, 0x00, 0x00, 0x00, 0x00, 0x00, 0x00, 0x00, 0x00, 0x00,
    0x00, 0x00, 0x00, 0x00, 0x00, 0x00, 0x00, 0x00, 0x00, 0x00, 0x00, 0x00, 0x00, 0x00, 0x00, 0x00,
    0x00, 0x00, 0x00, 0x00, 0x00, 0x00, 0x00, 0x00, 0x01, 0xe3, 0xc0, 0x00, 0x01, 0xe3, 0xc0, 0x00,
    0x01, 0xe3, 0xc0, 0x00, 0x01, 0xe3, 0xc0, 0x00, 0x01, 0xe3, 0xc0, 0x00, 0x01, 0xe3, 0xc0, 0x00,
    0x01, 0xe3, 0xc0, 0x00, 0x01, 0xe3, 0xc0, 0x00, 0x00, 0xc1, 0x80, 0x00, 0x00, 0xc1, 0x80, 0x00,
    0x00, 0xc1, 0x80, 0x00, 0x00, 0x00, 0x00, 0x00, 0x00, 0x00, 0x00, 0x00, 0x00, 0x00, 0x00, 0x00,
    0x00, 0x00, 0x00, 0x00, 0x00, 0x00, 0x00, 0x00, 0x00, 0x00, 0x00, 0x00, 0x00, 0x00, 0x00, 0x00,
    0x00, 0x00, 0x00, 0x00, 0x00, 0x00, 0x00, 0x00, 0x00, 0x00, 0x00, 0x00, 0x00, 0x00, 0x00, 0x00,
    0x00, 0x00, 0x00, 0x00, 0x00, 0x00, 0x00, 0x00, 0x00, 0x00, 0x00, 0x00, 0x00, 0x00, 0x00, 0x00,
    0x00, 0x00, 0x00, 0x00, 0x00, 0x00, 0x00, 0x00, 0x00, 0x00, 0x00, 0x00, 0x00, 0x00, 0x00, 0x00,
    0x00, 0x00, 0x00, 0x00, 0x00, 0x00, 0x00, 0x00, 0x00, 0x00, 0x00, 0x00, 0x00, 0x00, 0x00, 0x00,
    0x00, 0x00, 0x00, 0x00, 0x00, 0x00, 0x00, 0x00, 0x00, 0x00, 0x00, 0x00, 0x00, 0x00, 0x00, 0x00,
    0x00, 0x00, 0x00, 0x00, 0x00, 0x00, 0x00, 0x00, 0x00, 0x00, 0x00, 0x00, 0x00, 0x00, 0x00, 0x00,
    0x00, 0x00, 0x00, 0x00, 0x00, 0x00, 0x00, 0x00, 0x01, 0xe3, 0xc0, 0x00, 0x01, 0xe3, 0xc0, 0x00,
    0x01, 0xe3, 0xc0, 0x00, 0x01, 0xe3, 0xc0, 0x00, 0x01, 0xe3, 0xc0, 0x00, 0x01, 0xe3, 0xc0, 0x00,
    0x01, 0xe3, 0xc0, 0x00, 0x01, 0xe3, 0xc0, 0x00, 0x0f, 0xff, 0xf8, 0x00, 0x0f, 0xff, 0xf8, 0x00,
    0x0f, 0xff, 0xf8, 0x00, 0x01, 0xe3, 0xc0, 0x00, 0x01, 0xe3, 0xc0, 0x00, 0x01, 0xe3, 0xc0, 0x00,
    0x01, 0xe3, 0xc0, 0x00, 0x01, 0xe3, 0xc0, 0x00, 0x01, 0xe3, 0xc0, 0x00, 0x01, 0xe3, 0xc0, 0x00,
    0x01, 0xe3, 0xc0, 0x00, 0x01, 0xe3, 0xc0, 0x00, 0x0f, 0xff, 0xf8, 0x00, 0x0f, 0xff, 0xf8, 0x00,
    0x0f, 0xff, 0xf8, 0x00, 0x01, 0xe3, 0xc0, 0x00, 0x01, 0xe3, 0xc0, 0x00, 0x01, 0xe3, 0xc0, 0x00,
    0x01, 0xe3, 0xc0, 0x00, 0x01, 0xe3, 0xc0, 0x00, 0x01, 0xe3, 0xc0, 0x00, 0x01, 0xe3, 0xc0, 0x00,
    0x01, 0xe3, 0xc0, 0x00, 0x01, 0xe3, 0xc0, 0x00, 0x00, 0x00, 0x00, 0x00, 0x00, 0x00, 0x00, 0x00,
    0x00, 0x00, 0x00, 0x00, 0x00, 0x00, 0x00, 0x00, 0x00, 0x00, 0x00, 0x00, 0x00, 0x00, 0x00, 0x00,
    0x00, 0x00, 0x00, 0x00, 0x00, 0x00, 0x00, 0x00, 0x00, 0x1e, 0x00, 0x00, 0x00, 0x1e, 0x00, 0x00,
    0x00, 0x1e, 0x00, 0x00, 0x00, 0x1e, 0x00, 0x00, 0x00, 0x1e, 0x00, 0x00, 0x00, 0x7f, 0xf0, 0x00,
    0x00, 0xff, 0xf0, 0x00, 0x01, 0xff, 0xf0, 0x00, 0x03, 0xe0, 0x00, 0x00, 0x07, 0xc0, 0x00, 0x00,
    0x07, 0x80, 0x00, 0x00, 0x07, 0x80, 0x00, 0x00, 0x07, 0x80, 0x00, 0x00, 0x07, 0x80, 0x00, 0x00,
    0x07, 0x80, 0x00, 0x00, 0x07, 0x80, 0x00, 0x00, 0x07, 0xc0, 0x00, 0x00, 0x07, 0xe0, 0x00, 0x00,
    0x03, 0xff, 0x80, 0x00, 0x01, 0xff, 0xe0, 0x00, 0x00, 0xff, 0xf0, 0x00, 0x00, 0x3f, 0xf0, 0x00,
    0x00, 0x00, 0xf8, 0x00, 0x00, 0x00, 0x78, 0x00, 0x00, 0x00, 0x78, 0x00, 0x00, 0x00, 0x78, 0x00,
    0x00, 0x00, 0x78, 0x00, 0x00, 0x00, 0x78, 0x00, 0x00, 0x00, 0x78, 0x00, 0x00, 0x00, 0x78, 0x00,
    0x00, 0x00, 0xf8, 0x00, 0x00, 0x01, 0xf0, 0x00, 0x03, 0xff, 0xf0, 0x00, 0x03, 0xff, 0xe0, 0x00,
    0x03, 0xff, 0xc0, 0x00, 0x03, 0xff, 0x80, 0x00, 0x00, 0x1e, 0x00, 0x00, 0x00, 0x1e, 0x00, 0x00,
    0x00, 0x1e, 0x00, 0x00, 0x00, 0x1e, 0x00, 0x00, 0x00, 0x1e, 0x00, 0x00, 0x00, 0x00, 0x00, 0x00,
    0x00, 0x00, 0x00, 0x00, 0x00, 0x00, 0x00, 0x00, 0x00, 0x00, 0x00, 0x00, 0x00, 0x00, 0x00, 0x00,
    0x00, 0x00, 0x00, 0x00, 0x00, 0x00, 0x00, 0x00, 0x07, 0xc0, 0x00, 0x00, 0x1f, 0xf0, 0x00, 0x00,
    0x3f, 0xf8, 0x00, 0x00, 0x3c, 0x78, 0x00, 0x00, 0x38, 0x38, 0x00, 0x00, 0x38, 0x38, 0x00, 0x00,
    0x38, 0x38, 0x00, 0x00, 0x38, 0x38, 0x00, 0x00, 0x38, 0x38, 0x00, 0x00, 0x38, 0x38, 0x00, 0x00,
    0x3c, 0x78, 0x00, 0x00, 0x3f, 0xf8, 0x00, 0x00, 0x1f, 0xf0, 0x00, 0x00, 0x07, 0xc0, 0x0f, 0x00,
    0x00, 0x07, 0xff, 0x00, 0x03, 0xff, 0xff, 0x00, 0x7f, 0xff, 0xe0, 0x00, 0x7f, 0xf0, 0x00, 0x00,
    0x78, 0x03, 0xf0, 0x00, 0x00, 0x07, 0xf8, 0x00, 0x00, 0x0f, 0xfc, 0x00, 0x00, 0x0e, 0x1e, 0x00,
    0x00, 0x1e, 0x0e, 0x00, 0x00, 0x1e, 0x0e, 0x00, 0x00, 0x1e, 0x0e, 0x00, 0x00, 0x1e, 0x0e, 0x00,
    0x00, 0x1e, 0x0e, 0x00, 0x00, 0x1e, 0x0e, 0x00, 0x00, 0x0e, 0x1e, 0x00, 0x00, 0x0f, 0xfc, 0x00,
    0x00, 0x07, 0xf8, 0x00, 0x00, 0x03, 0xf0, 0x00, 0x00, 0x00, 0x00, 0x00, 0x00, 0x00, 0x00, 0x00,
    0x00, 0x00, 0x00, 0x00, 0x00, 0x00, 0x00, 0x00, 0x00, 0x00, 0x00, 0x00, 0x00, 0x00, 0x00, 0x00,
    0x00, 0x00, 0x00, 0x00, 0x00, 0x00, 0x00, 0x00, 0x00, 0x00, 0x00, 0x00, 0x00, 0x00, 0x00, 0x00,
    0x00, 0x00, 0x00, 0x00, 0x00, 0x00, 0x00, 0x00, 0x00, 0xff, 0x80, 0x00, 0x03, 0xff, 0x80, 0x00,
    0x07, 0xff, 0x80, 0x00, 0x07, 0x80, 0x00, 0x00, 0x0f, 0x00, 0x00, 0x00, 0x0f, 0x00, 0x00, 0x00,
    0x0f, 0x00, 0x00, 0x00, 0x0f, 0x00, 0x00, 0x00, 0x0f, 0x00, 0x00, 0x00, 0x0f, 0x00, 0x00, 0x00,
    0x0f, 0x80, 0x00, 0x00, 0x07, 0xc0, 0x00, 0x00, 0x03, 0xff, 0xfe, 0x00, 0x01, 0xff, 0xfe, 0x00,
    0x07, 0xff, 0xfe, 0x00, 0x07, 0x81, 0xe0, 0x00, 0x0f, 0x01, 0xe0, 0x00, 0x0f, 0x01, 0xe0, 0x00,
    0x0f, 0x01, 0xe0, 0x00, 0x0f, 0x01, 0xe0, 0x00, 0x0f, 0x01, 0xe0, 0x00, 0x0f, 0x01, 0xe0, 0x00,
    0x0f, 0x01, 0xe0, 0x00, 0x0f, 0x01, 0xe0, 0x00, 0x0f, 0x01, 0xe0, 0x00, 0x0f, 0x01, 0xe0, 0x00,
    0x0f, 0x01, 0xe0, 0x00, 0x0f, 0x01, 0xe0, 0x00, 0x07, 0x81, 0xe0, 0x00, 0x07, 0xff, 0xe0, 0x00,
    0x03, 0xff, 0xe0, 0x00, 0x00, 0xff, 0xe0, 0x00, 0x00, 0x00, 0x00, 0x00, 0x00, 0x00, 0x00, 0x00,
    0x00, 0x00, 0x00, 0x00, 0x00, 0x00, 0x00, 0x00, 0x00, 0x00, 0x00, 0x00, 0x00, 0x00, 0x00, 0x00,
    0x00, 0x00, 0x00, 0x00, 0x00, 0x00, 0x00, 0x00, 0x00, 0x00, 0x00, 0x00, 0x00, 0x00, 0x00, 0x00,
    0x00, 0x00, 0x00, 0x00, 0x00, 0x00, 0x00, 0x00, 0x00, 0x3c, 0x00, 0x00, 0x00, 0x3c, 0x00, 0x00,
    0x00, 0x3c, 0x00, 0x00, 0x00, 0x3c, 0x00, 0x00, 0x00, 0x3c, 0x00, 0x00, 0x00, 0x3c, 0x00, 0x00,
    0x00, 0x3c, 0x00, 0x00, 0x00, 0x3c, 0x00, 0x00, 0x00, 0x18, 0x00, 0x00, 0x00, 0x18, 0x00, 0x00,
    0x00, 0x18, 0x00, 0x00, 0x00, 0x00, 0x00, 0x00, 0x00, 0x00, 0x00, 0x00, 0x00, 0x00, 0x00, 0x00,
    0x00, 0x00, 0x00, 0x00, 0x00, 0x00, 0x00, 0x00, 0x00, 0x00, 0x00, 0x00, 0x00, 0x00, 0x00, 0x00,
    0x00, 0x00, 0x00, 0x00, 0x00, 0x00, 0x00, 0x00, 0x00, 0x00, 0x00, 0x00, 0x00, 0x00, 0x00, 0x00,
    0x00, 0x00, 0x00, 0x00, 0x00, 0x00, 0x00, 0x00, 0x00, 0x00, 0x00, 0x00, 0x00, 0x00, 0x00, 0x00,
    0x00, 0x00, 0x00, 0x00, 0x00, 0x00, 0x00, 0x00, 0x00, 0x00, 0x00, 0x00, 0x00, 0x00, 0x00, 0x00,
    0x00, 0x00, 0x00, 0x00, 0x00, 0x00, 0x00, 0x00, 0x00, 0x00, 0x00, 0x00, 0x00, 0x00, 0x00, 0x00,
    0x00, 0x00, 0x00, 0x00, 0x00, 0x00, 0x00, 0x00, 0x00, 0x00, 0x00, 0x00, 0x00, 0x00, 0x00, 0x00,
    0x00, 0x07, 0x80, 0x00, 0x00, 0x0f, 0x00, 0x00, 0x00, 0x1e, 0x00, 0x00, 0x00, 0x1e, 0x00, 0x00,
    0x00, 0x3c, 0x00, 0x00, 0x00, 0x3c, 0x00, 0x00, 0x00, 0x78, 0x00, 0x00, 0x00, 0x78, 0x00, 0x00,
    0x00, 0x70, 0x00, 0x00, 0x00, 0xf0, 0x00, 0x00, 0x00, 0xf0, 0x00, 0x00, 0x00, 0xf0, 0x00, 0x00,
    0x00, 0xf0, 0x00, 0x00, 0x00, 0xf0, 0x00, 0x00, 0x00, 0xf0, 0x00, 0x00, 0x00, 0xf0, 0x00, 0x00,
    0x00, 0xf0, 0x00, 0x00, 0x00, 0xf0, 0x00, 0x00, 0x00, 0xf0, 0x00, 0x00, 0x00, 0xf0, 0x00, 0x00,
    0x00, 0xf0, 0x00, 0x00, 0x00, 0xf0, 0x00, 0x00, 0x00, 0xf0, 0x00, 0x00, 0x00, 0xf0, 0x00, 0x00,
    0x00, 0xf0, 0x00, 0x00, 0x00, 0xf0, 0x00, 0x00, 0x00, 0xf0, 0x00, 0x00, 0x00, 0xf0, 0x00, 0x00,
    0x00, 0xf0, 0x00, 0x00, 0x00, 0xf0, 0x00, 0x00, 0x00, 0xf0, 0x00, 0x00, 0x00, 0xf0, 0x00, 0x00,
    0x00, 0xf0, 0x00, 0x00, 0x00, 0xf0, 0x00, 0x00, 0x00, 0xf0, 0x00, 0x00, 0x00, 0x78, 0x00, 0x00,
    0x00, 0x78, 0x00, 0x00, 0x00, 0x78, 0x00, 0x00, 0x00, 0x3c, 0x00, 0x00, 0x00, 0x3c, 0x00, 0x00,
    0x00, 0x3e, 0x00, 0x00, 0x00, 0x1e, 0x00, 0x00, 0x00, 0x0f, 0x00, 0x00, 0x00, 0x07, 0x80, 0x00,
    0x00, 0xf0, 0x00, 0x00, 0x00, 0x78, 0x00, 0x00, 0x00, 0x3c, 0x00, 0x00, 0x00, 0x3c, 0x00, 0x00,
    0x00, 0x1e, 0x00, 0x00, 0x00, 0x1e, 0x00, 0x00, 0x00, 0x0f, 0x00, 0x00, 0x00, 0x0f, 0x00, 0x00,
    0x00, 0x0f, 0x00, 0x00, 0x00, 0x07, 0x80, 0x00, 0x00, 0x07, 0x80, 0x00, 0x00, 0x07, 0x80, 0x00,
    0x00, 0x07, 0x80, 0x00, 0x00, 0x07, 0x80, 0x00, 0x00, 0x07, 0x80, 0x00, 0x00, 0x07, 0x80, 0x00,
    0x00, 0x07, 0x80, 0x00, 0x00, 0x07, 0x80, 0x00, 0x00, 0x07, 0x80, 0x00, 0x00, 0x07, 0x80, 0x00,
    0x00, 0x07, 0x80, 0x00, 0x00, 0x07, 0x80, 0x00, 0x00, 0x07, 0x80, 0x00, 0x00, 0x07, 0x80, 0x00,
    0x00, 0x07, 0x80, 0x00, 0x00, 0x07, 0x80, 0x00, 0x00, 0x07, 0x80, 0x00, 0x00, 0x07, 0x80, 0x00,
    0x00, 0x07, 0x80, 0x00, 0x00, 0x07, 0x80, 0x00, 0x00, 0x07, 0x80, 0x00, 0x00, 0x07, 0x80, 0x00,
    0x00, 0x07, 0x80, 0x00, 0x00, 0x07, 0x80, 0x00, 0x00, 0x07, 0x80, 0x00, 0x00, 0x0f, 0x00, 0x00,
    0x00, 0x0f, 0x00, 0x00, 0x00, 0x0f, 0x00, 0x00, 0x00, 0x1e, 0x00, 0x00, 0x00, 0x1e, 0x00, 0x00,
    0x00, 0x3c, 0x00, 0x00, 0x00, 0x3c, 0x00, 0x00, 0x00, 0x78, 0x00, 0x00, 0x00, 0xf0, 0x00, 0x00,
    0x00, 0x00, 0x00, 0x00, 0x00, 0x00, 0x00, 0x00, 0x00, 0x00, 0x00, 0x00, 0x00, 0x00, 0x00, 0x00,
    0x00, 0x00, 0x00, 0x00, 0x00, 0x3c, 0x00, 0x00, 0x00, 0x3c, 0x00, 0x00, 0x00, 0x1c, 0x00, 0x00,
    0x00, 0x1c, 0x00, 0x00, 0x08, 0x1c, 0x08, 0x00, 0x0f, 0x1c, 0x78, 0x00, 0x0f, 0xdd, 0xf8, 0x00,
    0x1f, 0xff, 0xfc, 0x00, 0x03, 0xff, 0xc0, 0x00, 0x00, 0x3e, 0x00, 0x00, 0x00, 0x7f, 0x00, 0x00,
    0x00, 0xf7, 0x80, 0x00, 0x01, 0xe3, 0xc0, 0x00, 0x03, 0xe3, 0xe0, 0x00, 0x07, 0xc1, 0xf0, 0x00,
    0x03, 0x81, 0xe0, 0x00, 0x01, 0x80, 0x80, 0x00, 0x00, 0x00, 0x00, 0x00, 0x00, 0x00, 0x00, 0x00,
    0x00, 0x00, 0x00, 0x00, 0x00, 0x00, 0x00, 0x00, 0x00, 0x00, 0x00, 0x00, 0x00, 0x00, 0x00, 0x00,
    0x00, 0x00, 0x00, 0x00, 0x00, 0x00, 0x00, 0x00, 0x00, 0x00, 0x00, 0x00, 0x00, 0x00, 0x00, 0x00,
    0x00, 0x00, 0x00, 0x00, 0x00, 0x00, 0x00, 0x00, 0x00, 0x00, 0x00, 0x00, 0x00, 0x00, 0x00, 0x00,
    0x00, 0x00, 0x00, 0x00, 0x00, 0x00, 0x00, 0x00, 0x00, 0x00, 0x00, 0x00, 0x00, 0x00, 0x00, 0x00,
    0x00, 0x00, 0x00, 0x00, 0x00, 0x00, 0x00, 0x00, 0x00, 0x00, 0x00, 0x00, 0x00, 0x00, 0x00, 0x00,
    0x00, 0x00, 0x00, 0x00, 0x00, 0x00, 0x00, 0x00, 0x00, 0x00, 0x00, 0x00, 0x00, 0x00, 0x00, 0x00,
    0x00, 0x00, 0x00, 0x00, 0x00, 0x00, 0x00, 0x00, 0x00, 0x00, 0x00, 0x00, 0x00, 0x00, 0x00, 0x00,
    0x00, 0x00, 0x00, 0x00, 0x00, 0x00, 0x00, 0x00, 0x00, 0x00, 0x00, 0x00, 0x00, 0x00, 0x00, 0x00,
    0x00, 0x00, 0x00, 0x00, 0x00, 0x00, 0x00, 0x00, 0x00, 0x00, 0x00, 0x00, 0x00, 0x3c, 0x00, 0x00,
    0x00, 0x3c, 0x00, 0x00, 0x00, 0x3c, 0x00, 0x00, 0x00, 0x3c, 0x00, 0x00, 0x00, 0x3c, 0x00, 0x00,
    0x00, 0x3c, 0x00, 0x00, 0x00, 0x3c, 0x00, 0x00, 0x1f, 0xff, 0xf8, 0x00, 0x1f, 0xff, 0xf8, 0x00,
    0x1f, 0xff, 0xf8, 0x00, 0x00, 0x3c, 0x00, 0x00, 0x00, 0x3c, 0x00, 0x00, 0x00, 0x3c, 0x00, 0x00,
    0x00, 0x3c, 0x00, 0x00, 0x00, 0x3c, 0x00, 0x00, 0x00, 0x3c, 0x00, 0x00, 0x00, 0x3c, 0x00, 0x00,
    0x00, 0x3c, 0x00, 0x00, 0x00, 0x00, 0x00, 0x00, 0x00, 0x00, 0x00, 0x00, 0x00, 0x00, 0x00, 0x00,
    0x00, 0x00, 0x00, 0x00, 0x00, 0x00, 0x00, 0x00, 0x00, 0x00, 0x00, 0x00, 0x00, 0x00, 0x00, 0x00,
    0x00, 0x00, 0x00, 0x00, 0x00, 0x00, 0x00, 0x00, 0x00, 0x00, 0x00, 0x00, 0x00, 0x00, 0x00, 0x00,
    0x00, 0x00, 0x00, 0x00, 0x00, 0x00, 0x00, 0x00, 0x00, 0x00, 0x00, 0x00, 0x00, 0x00, 0x00, 0x00,
    0x00, 0x00, 0x00, 0x00, 0x00, 0x00, 0x00, 0x00, 0x00, 0x00, 0x00, 0x00, 0x00, 0x00, 0x00, 0x00,
    0x00, 0x00, 0x00, 0x00, 0x00, 0x00, 0x00, 0x00, 0x00, 0x00, 0x00, 0x00, 0x00, 0x00, 0x00, 0x00,
    0x00, 0x00, 0x00, 0x00, 0x00, 0x00, 0x00, 0x00, 0x00, 0x00, 0x00, 0x00, 0x00, 0x00, 0x00, 0x00,
    0x00, 0x00, 0x00, 0x00, 0x00, 0x00, 0x00, 0x00, 0x00, 0x00, 0x00, 0x00, 0x00, 0x00, 0x00, 0x00,
    0x00, 0x00, 0x00, 0x00, 0x00, 0x00, 0x00, 0x00, 0x00, 0x00, 0x00, 0x00, 0x00, 0x00, 0x00, 0x00,
    0x00, 0x00, 0x00, 0x00, 0x00, 0x00, 0x00, 0x00, 0x00, 0x00, 0x00, 0x00, 0x00, 0x00, 0x00, 0x00,
    0x00, 0x00, 0x00, 0x00, 0x00, 0x00, 0x00, 0x00, 0x00, 0x00, 0x00, 0x00, 0x00, 0x00, 0x00, 0x00,
    0x00, 0x00, 0x00, 0x00, 0x00, 0x1f, 0x00, 0x00, 0x00, 0x1f, 0x00, 0x00, 0x00, 0x1f, 0x00, 0x00,
    0x00, 0x1f, 0x00, 0x00, 0x00, 0x1f, 0x00, 0x00, 0x00, 0x1f, 0x00, 0x00, 0x00, 0x3e, 0x00, 0x00,
    0x00, 0x3e, 0x00, 0x00, 0x00, 0x3c, 0x00, 0x00, 0x00, 0x3c, 0x00, 0x00, 0x00, 0x78, 0x00, 0x00,
    0x00, 0x00, 0x00, 0x00, 0x00, 0x00, 0x00, 0x00, 0x00, 0x00, 0x00, 0x00, 0x00, 0x00, 0x00, 0x00,
    0x00, 0x00, 0x00, 0x00, 0x00, 0x00, 0x00, 0x00, 0x00, 0x00, 0x00, 0x00, 0x00, 0x00, 0x00, 0x00,
    0x00, 0x00, 0x00, 0x00, 0x00, 0x00, 0x00, 0x00, 0x00, 0x00, 0x00, 0x00, 0x00, 0x00, 0x00, 0x00,
    0x00, 0x00, 0x00, 0x00, 0x00, 0x00, 0x00, 0x00, 0x00, 0x00, 0x00, 0x00, 0x00, 0x00, 0x00, 0x00,
    0x00, 0x00, 0x00, 0x00, 0x00, 0x00, 0x00, 0x00, 0x00, 0x00, 0x00, 0x00, 0x00, 0x00, 0x00, 0x00,
    0x00, 0x00, 0x00, 0x00, 0x00, 0x00, 0x00, 0x00, 0x07, 0xff, 0xf0, 0x00, 0x07, 0xff, 0xf0, 0x00,
    0x07, 0xff, 0xf0, 0x00, 0x00, 0x00, 0x00, 0x00, 0x00, 0x00, 0x00, 0x00, 0x00, 0x00, 0x00, 0x00,
    0x00, 0x00, 0x00, 0x00, 0x00, 0x00, 0x00, 0x00, 0x00, 0x00, 0x00, 0x00, 0x00, 0x00, 0x00, 0x00,
    0x00, 0x00, 0x00, 0x00, 0x00, 0x00, 0x00, 0x00, 0x00, 0x00, 0x00, 0x00, 0x00, 0x00, 0x00, 0x00,
    0x00, 0x00, 0x00, 0x00, 0x00, 0x00, 0x00, 0x00, 0x00, 0x00, 0x00, 0x00, 0x00, 0x00, 0x00, 0x00,
    0x00, 0x00, 0x00, 0x00, 0x00, 0x00, 0x00, 0x00, 0x00, 0x00, 0x00, 0x00, 0x00, 0x00, 0x00, 0x00,
    0x00, 0x00, 0x00, 0x00, 0x00, 0x00, 0x00, 0x00, 0x00, 0x00, 0x00, 0x00, 0x00, 0x00, 0x00, 0x00,
    0x00, 0x00, 0x00, 0x00, 0x00, 0x00, 0x00, 0x00, 0x00, 0x00, 0x00, 0x00, 0x00, 0x00, 0x00, 0x00,
    0x00, 0x00, 0x00, 0x00, 0x00, 0x00, 0x00, 0x00, 0x00, 0x00, 0x00, 0x00, 0x00, 0x00, 0x00, 0x00,
    0x00, 0x00, 0x00, 0x00, 0x00, 0x00, 0x00, 0x00, 0x00, 0x00, 0x00, 0x00, 0x00, 0x00, 0x00, 0x00,
    0x00, 0x00, 0x00, 0x00, 0x00, 0x00, 0x00, 0x00, 0x00, 0x00, 0x00, 0x00, 0x00, 0x00, 0x00, 0x00,
    0x00, 0x00, 0x00, 0x00, 0x00, 0x00, 0x00, 0x00, 0x00, 0x00, 0x00, 0x00, 0x00, 0x00, 0x00, 0x00,
    0x00, 0x00, 0x00, 0x00, 0x00, 0x00, 0x00, 0x00, 0x00, 0x00, 0x00, 0x00, 0x00, 0x00, 0x00, 0x00,
    0x00, 0x00, 0x00, 0x00, 0x00, 0x00, 0x00, 0x00, 0x00, 0x00, 0x00, 0x00, 0x00, 0x00, 0x00, 0x00,
    0x00, 0x00, 0x00, 0x00, 0x00, 0x3e, 0x00, 0x00, 0x00, 0x3e, 0x00, 0x00, 0x00, 0x3e, 0x00, 0x00,
    0x00, 0x3e, 0x00, 0x00, 0x00, 0x3e, 0x00, 0x00, 0x00, 0x00, 0x00, 0x00, 0x00, 0x00, 0x00, 0x00,
    0x00, 0x00, 0x00, 0x00, 0x00, 0x00, 0x00, 0x00, 0x00, 0x00, 0x00, 0x00, 0x00, 0x00, 0x00, 0x00,
    0x00, 0x00, 0x00, 0x00, 0x00, 0x00, 0x3e, 0x00, 0x00, 0x00, 0x3c, 0x00, 0x00, 0x00, 0x3c, 0x00,
    0x00, 0x00, 0x78, 0x00, 0x00, 0x00, 0x78, 0x00, 0x00, 0x00, 0x70, 0x00, 0x00, 0x00, 0xf0, 0x00,
    0x00, 0x00, 0xf0, 0x00, 0x00, 0x01, 0xe0, 0x00, 0x00, 0x01, 0xe0, 0x00, 0x00, 0x01, 0xc0, 0x00,
    0x00, 0x03, 0xc0, 0x00, 0x00, 0x03, 0xc0, 0x00, 0x00, 0x07, 0x80, 0x00, 0x00, 0x07, 0x80, 0x00,
    0x00, 0x07, 0x80, 0x00, 0x00, 0x0f, 0x00, 0x00, 0x00, 0x0f, 0x00, 0x00, 0x00, 0x1e, 0x00, 0x00,
    0x00, 0x1e, 0x00, 0x00, 0x00, 0x1e, 0x00, 0x00, 0x00, 0x3c, 0x00, 0x00, 0x00, 0x3c, 0x00, 0x00,
    0x00, 0x78, 0x00, 0x00, 0x00, 0x78, 0x00, 0x00, 0x00, 0x78, 0x00, 0x00, 0x00, 0xf0, 0x00, 0x00,
    0x00, 0xf0, 0x00, 0x00, 0x00, 0xe0, 0x00, 0x00, 0x01, 0xe0, 0x00, 0x00, 0x01, 0xe0, 0x00, 0x00,
    0x03, 0xc0, 0x00, 0x00, 0x03, 0xc0, 0x00, 0x00, 0x03, 0x80, 0x00, 0x00, 0x07, 0x80, 0x00, 0x00,
    0x07, 0x80, 0x00, 0x00, 0x0f, 0x00, 0x00, 0x00, 0x0f, 0x00, 0x00, 0x00, 0x0f, 0x00, 0x00, 0x00,
    0x1e, 0x00, 0x00, 0x00, 0x1e, 0x00, 0x00, 0x00, 0x3c, 0x00, 0x00, 0x00, 0x00, 0x00, 0x00, 0x00,
    0x00, 0x00, 0x00, 0x00, 0x00, 0x00, 0x00, 0x00, 0x00, 0x00, 0x00, 0x00, 0x00, 0x00, 0x00, 0x00,
    0x00, 0x00, 0x00, 0x00, 0x00, 0x00, 0x00, 0x00, 0x00, 0x7f, 0x00, 0x00, 0x01, 0xff, 0xc0, 0x00,
    0x03, 0xff, 0xe0, 0x00, 0x07, 0xc1, 0xf0, 0x00, 0x0f, 0x80, 0xf8, 0x00, 0x0f, 0x00, 0x78, 0x00,
    0x0f, 0x00, 0x78, 0x00, 0x0f, 0x00, 0xf8, 0x00, 0x0f, 0x00, 0xf8, 0x00, 0x0f, 0x01, 0xf8, 0x00,
    0x0f, 0x03, 0xf8, 0x00, 0x0f, 0x07, 0xf8, 0x00, 0x0f, 0x07, 0xf8, 0x00, 0x0f, 0x0f, 0x78, 0x00,
    0x0f, 0x1f, 0x78, 0x00, 0x0f, 0x1e, 0x78, 0x00, 0x0f, 0x3c, 0x78, 0x00, 0x0f, 0x7c, 0x78, 0x00,
    0x0f, 0x78, 0x78, 0x00, 0x0f, 0xf0, 0x78, 0x00, 0x0f, 0xf0, 0x78, 0x00, 0x0f, 0xe0, 0x78, 0x00,
    0x0f, 0xc0, 0x78, 0x00, 0x0f, 0x80, 0x78, 0x00, 0x0f, 0x80, 0x78, 0x00, 0x0f, 0x00, 0x78, 0x00,
    0x0f, 0x00, 0x78, 0x00, 0x0f, 0x80, 0xf0, 0x00, 0x07, 0xc1, 0xf0, 0x00, 0x03, 0xff, 0xe0, 0x00,
    0x01, 0xff, 0xc0, 0x00, 0x00, 0x7f, 0x00, 0x00, 0x00, 0x00, 0x00, 0x00, 0x00, 0x00, 0x00, 0x00,
    0x00, 0x00, 0x00, 0x00, 0x00, 0x00, 0x00, 0x00, 0x00, 0x00, 0x00, 0x00, 0x00, 0x00, 0x00, 0x00,
    0x00, 0x00, 0x00, 0x00, 0x00, 0x00, 0x00, 0x00, 0x00, 0x00, 0x00, 0x00, 0x00, 0x00, 0x00, 0x00,
    0x00, 0x00, 0x00, 0x00, 0x00, 0x00, 0x00, 0x00, 0x00, 0x7e, 0x00, 0x00, 0x01, 0xfe, 0x00, 0x00,
    0x07, 0xfe, 0x00, 0x00, 0x07, 0xfe, 0x00, 0x00, 0x07, 0x9e, 0x00, 0x00, 0x04, 0x1e, 0x00, 0x00,
    0x00, 0x1e, 0x00, 0x00, 0x00, 0x1e, 0x00, 0x00, 0x00, 0x1e, 0x00, 0x00, 0x00, 0x1e, 0x00, 0x00,
    0x00, 0x1e, 0x00, 0x00, 0x00, 0x1e, 0x00, 0x00, 0x00, 0x1e, 0x00, 0x00, 0x00, 0x1e, 0x00, 0x00,
    0x00, 0x1e, 0x00, 0x00, 0x00, 0x1e, 0x00, 0x00, 0x00, 0x1e, 0x00, 0x00, 0x00, 0x1e, 0x00, 0x00,
    0x00, 0x1e, 0x00, 0x00, 0x00, 0x1e, 0x00, 0x00, 0x00, 0x1e, 0x00, 0x00, 0x00, 0x1e, 0x00, 0x00,
    0x00, 0x1e, 0x00, 0x00, 0x00, 0x1e, 0x00, 0x00, 0x00, 0x1e, 0x00, 0x00, 0x00, 0x1e, 0x00, 0x00,
    0x00, 0x1e, 0x00, 0x00, 0x00, 0x1e, 0x00, 0x00, 0x00, 0x1e, 0x00, 0x00, 0x07, 0xff, 0xf0, 0x00,
    0x07, 0xff, 0xf0, 0x00, 0x07, 0xff, 0xf0, 0x00, 0x00, 0x00, 0x00, 0x00, 0x00, 0x00, 0x00, 0x00,
    0x00, 0x00, 0x00, 0x00, 0x00, 0x00, 0x00, 0x00, 0x00, 0x00, 0x00, 0x00, 0x00, 0x00, 0x00, 0x00,
    0x00, 0x00, 0x00, 0x00, 0x00, 0x00, 0x00, 0x00, 0x00, 0x00, 0x00, 0x00, 0x00, 0x00, 0x00, 0x00,
    0x00, 0x00, 0x00, 0x00, 0x00, 0x00, 0x00, 0x00, 0x03, 0xfc, 0x00, 0x00, 0x03, 0xff, 0x00, 0x00,
    0x03, 0xff, 0x80, 0x00, 0x03, 0xff, 0xc0, 0x00, 0x00, 0x07, 0xe0, 0x00, 0x00, 0x03, 0xe0, 0x00,
    0x00, 0x01, 0xe0, 0x00, 0x00, 0x01, 0xe0, 0x00, 0x00, 0x01, 0xe0, 0x00, 0x00, 0x01, 0xe0, 0x00,
    0x00, 0x01, 0xe0, 0x00, 0x00, 0x01, 0xe0, 0x00, 0x00, 0x01, 0xe0, 0x00, 0x00, 0x01, 0xe0, 0x00,
    0x00, 0x03, 0xc0, 0x00, 0x00, 0x03, 0xc0, 0x00, 0x00, 0x07, 0x80, 0x00, 0x00, 0x0f, 0x80, 0x00,
    0x00, 0x0f, 0x00, 0x00, 0x00, 0x1e, 0x00, 0x00, 0x00, 0x3c, 0x00, 0x00, 0x00, 0x7c, 0x00, 0x00,
    0x00, 0x78, 0x00, 0x00, 0x00, 0xf0, 0x00, 0x00, 0x01, 0xf0, 0x00, 0x00, 0x01, 0xe0, 0x00, 0x00,
    0x03, 0xc0, 0x00, 0x00, 0x07, 0x80, 0x00, 0x00, 0x07, 0xff, 0xf0, 0x00, 0x07, 0xff, 0xf0, 0x00,
    0x07, 0xff, 0xf0, 0x00, 0x07, 0xff, 0xf0, 0x00, 0x00, 0x00, 0x00, 0x00, 0x00, 0x00, 0x00, 0x00,
    0x00, 0x00, 0x00, 0x00, 0x00, 0x00, 0x00, 0x00, 0x00, 0x00, 0x00, 0x00, 0x00, 0x00, 0x00, 0x00,
    0x00, 0x00, 0x00, 0x00, 0x00, 0x00, 0x00, 0x00, 0x00, 0x00, 0x00, 0x00, 0x00, 0x00, 0x00, 0x00,
    0x00, 0x00, 0x00, 0x00, 0x00, 0x00, 0x00, 0x00, 0x03, 0xfe, 0x00, 0x00, 0x03, 0xff, 0x80, 0x00,
    0x03, 0xff, 0xc0, 0x00, 0x00, 0x03, 0xc0, 0x00, 0x00, 0x01, 0xe0, 0x00, 0x00, 0x01, 0xe0, 0x00,
    0x00, 0x01, 0xe0, 0x00, 0x00, 0x01, 0xe0, 0x00, 0x00, 0x01, 0xe0, 0x00, 0x00, 0x01, 0xe0, 0x00,
    0x00, 0x01, 0xe0, 0x00, 0x00, 0x01, 0xe0, 0x00, 0x00, 0x03, 0xe0, 0x00, 0x00, 0x07, 0xc0, 0x00,
    0x01, 0xff, 0x80, 0x00, 0x01, 0xff, 0x80, 0x00, 0x01, 0xff, 0xc0, 0x00, 0x00, 0x03, 0xc0, 0x00,
    0x00, 0x01, 0xe0, 0x00, 0x00, 0x01, 0xe0, 0x00, 0x00, 0x01, 0xe0, 0x00, 0x00, 0x01, 0xe0, 0x00,
    0x00, 0x01, 0xe0, 0x00, 0x00, 0x01, 0xe0, 0x00, 0x00, 0x01, 0xe0, 0x00, 0x00, 0x01, 0xe0, 0x00,
    0x00, 0x01, 0xe0, 0x00, 0x00, 0x01, 0xe0, 0x00, 0x00, 0x03, 0xc0, 0x00, 0x07, 0xff, 0xc0, 0x00,
    0x07, 0xff, 0x80, 0x00, 0x07, 0xfe, 0x00, 0x00, 0x00, 0x00, 0x00, 0x00, 0x00, 0x00, 0x00, 0x00,
    0x00, 0x00, 0x00, 0x00, 0x00, 0x00, 0x00, 0x00, 0x00, 0x00, 0x00, 0x00, 0x00, 0x00, 0x00, 0x00,
    0x00, 0x00, 0x00, 0x00, 0x00, 0x00, 0x00, 0x00, 0x00, 0x00, 0x00, 0x00, 0x00, 0x00, 0x00, 0x00,
    0x00, 0x00, 0x00, 0x00, 0x00, 0x00, 0x00, 0x00, 0x00, 0xf0, 0x00, 0x00, 0x00, 0xf0, 0x00, 0x00,
    0x00, 0xf0, 0x00, 0x00, 0x00, 0xe0, 0x00, 0x00, 0x01, 0xe0, 0x00, 0x00, 0x01, 0xe0, 0x00, 0x00,
    0x01, 0xe0, 0x00, 0x00, 0x01, 0xe0, 0x00, 0x00, 0x03, 0xc0, 0x00, 0x00, 0x03, 0xc0, 0x00, 0x00,
    0x03, 0xc0, 0x00, 0x00, 0x03, 0xc0, 0x00, 0x00, 0x07, 0xc7, 0x80, 0x00, 0x07, 0x87, 0x80, 0x00,
    0x07, 0x87, 0x80, 0x00, 0x07, 0x87, 0x80, 0x00, 0x07, 0x87, 0x80, 0x00, 0x0f, 0x07, 0x80, 0x00,
    0x0f, 0x07, 0x80, 0x00, 0x0f, 0x07, 0x80, 0x00, 0x0f, 0x07, 0x80, 0x00, 0x0f, 0x07, 0x80, 0x00,
    0x0f, 0xff, 0xf0, 0x00, 0x0f, 0xff, 0xf0, 0x00, 0x0f, 0xff, 0xf0, 0x00, 0x00, 0x07, 0x80, 0x00,
    0x00, 0x07, 0x80, 0x00, 0x00, 0x07, 0x80, 0x00, 0x00, 0x07, 0x80, 0x00, 0x00, 0x07, 0x80, 0x00,
    0x00, 0x07, 0x80, 0x00, 0x00, 0x07, 0x80, 0x00, 0x00, 0x00, 0x00, 0x00, 0x00, 0x00, 0x00, 0x00,
    0x00, 0x00, 0x00, 0x00, 0x00, 0x00, 0x00, 0x00, 0x00, 0x00, 0x00, 0x00, 0x00, 0x00, 0x00, 0x00,
    0x00, 0x00, 0x00, 0x00, 0x00, 0x00, 0x00, 0x00, 0x00, 0x00, 0x00, 0x00, 0x00, 0x00, 0x00, 0x00,
    0x00, 0x00, 0x00, 0x00, 0x00, 0x00, 0x00, 0x00, 0x03, 0xff, 0xe0, 0x00, 0x03, 0xff, 0xe0, 0x00,
    0x03, 0xff, 0xe0, 0x00, 0x03, 0xc0, 0x00, 0x00, 0x03, 0xc0, 0x00, 0x00, 0x03, 0xc0, 0x00, 0x00,
    0x03, 0xc0, 0x00, 0x00, 0x03, 0xc0, 0x00, 0x00, 0x03, 0xc0, 0x00, 0x00, 0x03, 0xc0, 0x00, 0x00,
    0x03, 0xc0, 0x00, 0x00, 0x03, 0xc0, 0x00, 0x00, 0x03, 0xc0, 0x00, 0x00, 0x03, 0xfe, 0x00, 0x00,
    0x03, 0xff, 0x80, 0x00, 0x03, 0xff, 0xc0, 0x00, 0x00, 0x03, 0xc0, 0x00, 0x00, 0x03, 0xe0, 0x00,
    0x00, 0x01, 0xe0, 0x00, 0x00, 0x01, 0xe0, 0x00, 0x00, 0x01, 0xe0, 0x00, 0x00, 0x01, 0xe0, 0x00,
    0x00, 0x01, 0xe0, 0x00, 0x00, 0x01, 0xe0, 0x00, 0x00, 0x01, 0xe0, 0x00, 0x00, 0x01, 0xe0, 0x00,
    0x00, 0x01, 0xe0, 0x00, 0x00, 0x01, 0xe0, 0x00, 0x00, 0x03, 0xc0, 0x00, 0x07, 0xff, 0xc0, 0x00,
    0x07, 0xff, 0x80, 0x00, 0x07, 0xfe, 0x00, 0x00, 0x00, 0x00, 0x00, 0x00, 0x00, 0x00, 0x00, 0x00,
    0x00, 0x00, 0x00, 0x00, 0x00, 0x00, 0x00, 0x00, 0x00, 0x00, 0x00, 0x00, 0x00, 0x00, 0x00, 0x00,
    0x00, 0x00, 0x00, 0x00, 0x00, 0x00, 0x00, 0x00, 0x00, 0x00, 0x00, 0x00, 0x00, 0x00, 0x00, 0x00,
    0x00, 0x00, 0x00, 0x00, 0x00, 0x00, 0x00, 0x00, 0x00, 0x7f, 0xc0, 0x00, 0x01, 0xff, 0xc0, 0x00,
    0x03, 0xff, 0xc0, 0x00, 0x07, 0xff, 0xc0, 0x00, 0x0f, 0xc0, 0x00, 0x00, 0x0f, 0x80, 0x00, 0x00,
    0x0f, 0x00, 0x00, 0x00, 0x0f, 0x00, 0x00, 0x00, 0x0f, 0x00, 0x00, 0x00, 0x0f, 0x00, 0x00, 0x00,
    0x0f, 0x00, 0x00, 0x00, 0x0f, 0x00, 0x00, 0x00, 0x0f, 0xff, 0x80, 0x00, 0x0f, 0xff, 0xe0, 0x00,
    0x0f, 0xff, 0xf0, 0x00, 0x0f, 0x00, 0xf0, 0x00, 0x0f, 0x00, 0x78, 0x00, 0x0f, 0x00, 0x78, 0x00,
    0x0f, 0x00, 0x78, 0x00, 0x0f, 0x00, 0x78, 0x00, 0x0f, 0x00, 0x78, 0x00, 0x0f, 0x00, 0x78, 0x00,
    0x0f, 0x00, 0x78, 0x00, 0x0f, 0x00, 0x78, 0x00, 0x0f, 0x00, 0x78, 0x00, 0x0f, 0x00, 0x78, 0x00,
    0x0f, 0x00, 0x78, 0x00, 0x07, 0x80, 0xf0, 0x00, 0x07, 0xc1, 0xf0, 0x00, 0x03, 0xff, 0xe0, 0x00,
    0x01, 0xff, 0xc0, 0x00, 0x00, 0x7f, 0x00, 0x00, 0x00, 0x00, 0x00, 0x00, 0x00, 0x00, 0x00, 0x00,
    0x00, 0x00, 0x00, 0x00, 0x00, 0x00, 0x00, 0x00, 0x00, 0x00, 0x00, 0x00, 0x00, 0x00, 0x00, 0x00,
    0x00, 0x00, 0x00, 0x00, 0x00, 0x00, 0x00, 0x00, 0x00, 0x00, 0x00, 0x00, 0x00, 0x00, 0x00, 0x00,
    0x00, 0x00, 0x00, 0x00, 0x00, 0x00, 0x00, 0x00, 0x07, 0xff, 0xf0, 0x00, 0x07, 0xff, 0xf0, 0x00,
    0x07, 0xff, 0xf0, 0x00, 0x00, 0x00, 0xf0, 0x00, 0x00, 0x01, 0xf0, 0x00, 0x00, 0x01, 0xe0, 0x00,
    0x00, 0x01, 0xe0, 0x00, 0x00, 0x01, 0xe0, 0x00, 0x00, 0x03, 0xe0, 0x00, 0x00, 0x03, 0xc0, 0x00,
    0x00, 0x03, 0xc0, 0x00, 0x00, 0x07, 0xc0, 0x00, 0x00, 0x07, 0x80, 0x00, 0x00, 0x07, 0x80, 0x00,
    0x00, 0x07, 0x80, 0x00, 0x00, 0x0f, 0x80, 0x00, 0x00, 0x0f, 0x00, 0x00, 0x00, 0x0f, 0x00, 0x00,
    0x00, 0x1f, 0x00, 0x00, 0x00, 0x1e, 0x00, 0x00, 0x00, 0x1e, 0x00, 0x00, 0x00, 0x1e, 0x00, 0x00,
    0x00, 0x3c, 0x00, 0x00, 0x00, 0x3c, 0x00, 0x00, 0x00, 0x3c, 0x00, 0x00, 0x00, 0x7c, 0x00, 0x00,
    0x00, 0x78, 0x00, 0x00, 0x00, 0x78, 0x00, 0x00, 0x00, 0x78, 0x00, 0x00, 0x00, 0xf0, 0x00, 0x00,
    0x00, 0xf0, 0x00, 0x00, 0x00, 0xf0, 0x00, 0x00, 0x00, 0x00, 0x00, 0x00, 0x00, 0x00, 0x00, 0x00,
    0x00, 0x00, 0x00, 0x00, 0x00, 0x00, 0x00, 0x00, 0x00, 0x00, 0x00, 0x00, 0x00, 0x00, 0x00, 0x00,
    0x00, 0x00, 0x00, 0x00, 0x00, 0x00, 0x00, 0x00, 0x00, 0x00, 0x00, 0x00, 0x00, 0x00, 0x00, 0x00,
    0x00, 0x00, 0x00, 0x00, 0x00, 0x00, 0x00, 0x00, 0x00, 0x7f, 0x00, 0x00, 0x01, 0xff, 0xc0, 0x00,
    0x03, 0xff, 0xe0, 0x00, 0x03, 0xc1, 0xe0, 0x00, 0x07, 0x80, 0xf0, 0x00, 0x07, 0x80, 0xf0, 0x00,
    0x07, 0x80, 0xf0, 0x00, 0x07, 0x80, 0xf0, 0x00, 0x07, 0x80, 0xf0, 0x00, 0x07, 0x80, 0xf0, 0x00,
    0x07, 0x80, 0xf0, 0x00, 0x07, 0x80, 0xf0, 0x00, 0x07, 0x80, 0xf0, 0x00, 0x03, 0xc1, 0xe0, 0x00,
    0x03, 0xff, 0xc0, 0x00, 0x01, 0xff, 0xc0, 0x00, 0x07, 0xff, 0xe0, 0x00, 0x07, 0xc1, 0xf0, 0x00,
    0x0f, 0x80, 0xf8, 0x00, 0x0f, 0x00, 0x78, 0x00, 0x0f, 0x00, 0x78, 0x00, 0x0f, 0x00, 0x78, 0x00,
    0x0f, 0x00, 0x78, 0x00, 0x0f, 0x00, 0x78, 0x00, 0x0f, 0x00, 0x78, 0x00, 0x0f, 0x00, 0x78, 0x00,
    0x0f, 0x00, 0x78, 0x00, 0x0f, 0x00, 0x78, 0x00, 0x07, 0x80, 0xf0, 0x00, 0x07, 0xff, 0xf0, 0x00,
    0x03, 0xff, 0xe0, 0x00, 0x00, 0xff, 0x80, 0x00, 0x00, 0x00, 0x00, 0x00, 0x00, 0x00, 0x00, 0x00,
    0x00, 0x00, 0x00, 0x00, 0x00, 0x00, 0x00, 0x00, 0x00, 0x00, 0x00, 0x00, 0x00, 0x00, 0x00, 0x00,
    0x00, 0x00, 0x00, 0x00, 0x00, 0x00, 0x00, 0x00, 0x00, 0x00, 0x00, 0x00, 0x00, 0x00, 0x00, 0x00,
    0x00, 0x00, 0x00, 0x00, 0x00, 0x00, 0x00, 0x00, 0x00, 0x7f, 0x00, 0x00, 0x01, 0xff, 0xc0, 0x00,
    0x03, 0xff, 0xe0, 0x00, 0x07, 0xc1, 0xf0, 0x00, 0x07, 0x80, 0xf0, 0x00, 0x0f, 0x00, 0x78, 0x00,
    0x0f, 0x00, 0x78, 0x00, 0x0f, 0x00, 0x78, 0x00, 0x0f, 0x00, 0x78, 0x00, 0x0f, 0x00, 0x78, 0x00,
    0x0f, 0x00, 0x78, 0x00, 0x0f, 0x00, 0x78, 0x00, 0x0f, 0x00, 0x78, 0x00, 0x0f, 0x00, 0x78, 0x00,
    0x0f, 0x00, 0x78, 0x00, 0x0f, 0x00, 0x78, 0x00, 0x07, 0x80, 0x78, 0x00, 0x07, 0xff, 0xf8, 0x00,
    0x03, 0xff, 0xf8, 0x00, 0x00, 0xff, 0xf8, 0x00, 0x00, 0x00, 0x78, 0x00, 0x00, 0x00, 0x78, 0x00,
    0x00, 0x00, 0x78, 0x00, 0x00, 0x00, 0x78, 0x00, 0x00, 0x00, 0x78, 0x00, 0x00, 0x00, 0x78, 0x00,
    0x00, 0x00, 0xf8, 0x00, 0x00, 0x01, 0xf0, 0x00, 0x01, 0xff, 0xf0, 0x00, 0x01, 0xff, 0xe0, 0x00,
    0x01, 0xff, 0xc0, 0x00, 0x01, 0xff, 0x00, 0x00, 0x00, 0x00, 0x00, 0x00, 0x00, 0x00, 0x00, 0x00,
    0x00, 0x00, 0x00, 0x00, 0x00, 0x00, 0x00, 0x00, 0x00, 0x00, 0x00, 0x00, 0x00, 0x00, 0x00, 0x00,
    0x00, 0x00, 0x00, 0x00, 0x00, 0x00, 0x00, 0x00, 0x00, 0x00, 0x00, 0x00, 0x00, 0x00, 0x00, 0x00,
    0x00, 0x00, 0x00, 0x00, 0x00, 0x00, 0x00, 0x00, 0x00, 0x00, 0x00, 0x00, 0x00, 0x00, 0x00, 0x00,
    0x00, 0x00, 0x00, 0x00, 0x00, 0x00, 0x00, 0x00, 0x00, 0x00, 0x00, 0x00, 0x00, 0x00, 0x00, 0x00,
    0x00, 0x00, 0x00, 0x00, 0x00, 0x00, 0x00, 0x00, 0x00, 0x00, 0x00, 0x00, 0x00, 0x3e, 0x00, 0x00,
    0x00, 0x3e, 0x00, 0x00, 0x00, 0x3e, 0x00, 0x00, 0x00, 0x3e, 0x00, 0x00, 0x00, 0x3e, 0x00, 0x00,
    0x00, 0x00, 0x00, 0x00, 0x00, 0x00, 0x00, 0x00, 0x00, 0x00, 0x00, 0x00, 0x00, 0x00, 0x00, 0x00,
    0x00, 0x00, 0x00, 0x00, 0x00, 0x00, 0x00, 0x00, 0x00, 0x00, 0x00, 0x00, 0x00, 0x00, 0x00, 0x00,
    0x00, 0x00, 0x00, 0x00, 0x00, 0x00, 0x00, 0x00, 0x00, 0x00, 0x00, 0x00, 0x00, 0x00, 0x00, 0x00,
    0x00, 0x00, 0x00, 0x00, 0x00, 0x3e, 0x00, 0x00, 0x00, 0x3e, 0x00, 0x00, 0x00, 0x3e, 0x00, 0x00,
    0x00, 0x3e, 0x00, 0x00, 0x00, 0x3e, 0x00, 0x00, 0x00, 0x00, 0x00, 0x00, 0x00, 0x00, 0x00, 0x00,
    0x00, 0x00, 0x00, 0x00, 0x00, 0x00, 0x00, 0x00, 0x00, 0x00, 0x00, 0x00, 0x00, 0x00, 0x00, 0x00,
    0x00, 0x00, 0x00, 0x00, 0x00, 0x00, 0x00, 0x00, 0x00, 0x00, 0x00, 0x00, 0x00, 0x00, 0x00, 0x00,
    0x00, 0x00, 0x00, 0x00, 0x00, 0x00, 0x00, 0x00, 0x00, 0x00, 0x00, 0x00, 0x00, 0x00, 0x00, 0x00,
    0x00, 0x00, 0x00, 0x00, 0x00, 0x00, 0x00, 0x00, 0x00, 0x00, 0x00, 0x00, 0x00, 0x00, 0x00, 0x00,
    0x00, 0x00, 0x00, 0x00, 0x00, 0x00, 0x00, 0x00, 0x00, 0x00, 0x00, 0x00, 0x00, 0x1f, 0x00, 0x00,
    0x00, 0x1f, 0x00, 0x00, 0x00, 0x1f, 0x00, 0x00, 0x00, 0x1f, 0x00, 0x00, 0x00, 0x1f, 0x00, 0x00,
    0x00, 0x00, 0x00, 0x00, 0x00, 0x00, 0x00, 0x00, 0x00, 0x00, 0x00, 0x00, 0x00, 0x00, 0x00, 0x00,
    0x00, 0x00, 0x00, 0x00, 0x00, 0x00, 0x00, 0x00, 0x00, 0x00, 0x00, 0x00, 0x00, 0x00, 0x00, 0x00,
    0x00, 0x00, 0x00, 0x00, 0x00, 0x00, 0x00, 0x00, 0x00, 0x00, 0x00, 0x00, 0x00, 0x00, 0x00, 0x00,
    0x00, 0x00, 0x00, 0x00, 0x00, 0x1f, 0x00, 0x00, 0x00, 0x1f, 0x00, 0x00, 0x00, 0x1f, 0x00, 0x00,
    0x00, 0x1f, 0x00, 0x00, 0x00, 0x1f, 0x00, 0x00, 0x00, 0x1f, 0x00, 0x00, 0x00, 0x3e, 0x00, 0x00,
    0x00, 0x3e, 0x00, 0x00, 0x00, 0x3c, 0x00, 0x00, 0x00, 0x3c, 0x00, 0x00, 0x00, 0x78, 0x00, 0x00,
    0x00, 0x00, 0x00, 0x00, 0x00, 0x00, 0x00, 0x00, 0x00, 0x00, 0x00, 0x00, 0x00, 0x00, 0x00, 0x00,
    0x00, 0x00, 0x00, 0x00, 0x00, 0x00, 0x00, 0x00, 0x00, 0x00, 0x00, 0x00, 0x00, 0x00, 0x00, 0x00,
    0x00, 0x00, 0x00, 0x00, 0x00, 0x00, 0x00, 0x00, 0x00, 0x00, 0x00, 0x00, 0x00, 0x00, 0x00, 0x00,
    0x00, 0x00, 0x08, 0x00, 0x00, 0x00, 0x38, 0x00, 0x00, 0x00, 0xf8, 0x00, 0x00, 0x03, 0xf8, 0x00,
    0x00, 0x0f, 0xf8, 0x00, 0x00, 0x7f, 0xc0, 0x00, 0x01, 0xff, 0x00, 0x00, 0x07, 0xfc, 0x00, 0x00,
    0x0f, 0xe0, 0x00, 0x00, 0x0f, 0x80, 0x00, 0x00, 0x0e, 0x00, 0x00, 0x00, 0x0f, 0x80, 0x00, 0x00,
    0x0f, 0xf0, 0x00, 0x00, 0x07, 0xfc, 0x00, 0x00, 0x01, 0xff, 0x00, 0x00, 0x00, 0x7f, 0xc0, 0x00,
    0x00, 0x1f, 0xf8, 0x00, 0x00, 0x07, 0xf8, 0x00, 0x00, 0x00, 0xf8, 0x00, 0x00, 0x00, 0x38, 0x00,
    0x00, 0x00, 0x08, 0x00, 0x00, 0x00, 0x00, 0x00, 0x00, 0x00, 0x00, 0x00, 0x00, 0x00, 0x00, 0x00,
    0x00, 0x00, 0x00, 0x00, 0x00, 0x00, 0x00, 0x00, 0x00, 0x00, 0x00, 0x00, 0x00, 0x00, 0x00, 0x00,
    0x00, 0x00, 0x00, 0x00, 0x00, 0x00, 0x00, 0x00, 0x00, 0x00, 0x00, 0x00, 0x00, 0x00, 0x00, 0x00,
    0x00, 0x00, 0x00, 0x00, 0x00, 0x00, 0x00, 0x00, 0x00, 0x00, 0x00, 0x00, 0x00, 0x00, 0x00, 0x00,
    0x00, 0x00, 0x00, 0x00, 0x00, 0x00, 0x00, 0x00, 0x00, 0x00, 0x00, 0x00, 0x00, 0x00, 0x00, 0x00,
    0x00, 0x00, 0x00, 0x00, 0x00, 0x00, 0x00, 0x00, 0x00, 0x00, 0x00, 0x00, 0x00, 0x00, 0x00, 0x00,
    0x00, 0x00, 0x00, 0x00, 0x00, 0x00, 0x00, 0x00, 0x00, 0x00, 0x00, 0x00, 0x00, 0x00, 0x00, 0x00,
    0x00, 0x00, 0x00, 0x00, 0x00, 0x00, 0x00, 0x00, 0x0f, 0xff, 0xf8, 0x00, 0x0f, 0xff, 0xf8, 0x00,
    0x0f, 0xff, 0xf8, 0x00, 0x00, 0x00, 0x00, 0x00, 0x00, 0x00, 0x00, 0x00, 0x00, 0x00, 0x00, 0x00,
    0x00, 0x00, 0x00, 0x00, 0x00, 0x00, 0x00, 0x00, 0x00, 0x00, 0x00, 0x00, 0x0f, 0xff, 0xf8, 0x00,
    0x0f, 0xff, 0xf8, 0x00, 0x0f, 0xff, 0xf8, 0x00, 0x00, 0x00, 0x00, 0x00, 0x00, 0x00, 0x00, 0x00,
    0x00, 0x00, 0x00, 0x00, 0x00, 0x00, 0x00, 0x00, 0x00, 0x00, 0x00, 0x00, 0x00, 0x00, 0x00, 0x00,
    0x00, 0x00, 0x00, 0x00, 0x00, 0x00, 0x00, 0x00, 0x00, 0x00, 0x00, 0x00, 0x00, 0x00, 0x00, 0x00,
    0x00, 0x00, 0x00, 0x00, 0x00, 0x00, 0x00, 0x00, 0x00, 0x00, 0x00, 0x00, 0x00, 0x00, 0x00, 0x00,
    0x00, 0x00, 0x00, 0x00, 0x00, 0x00, 0x00, 0x00, 0x00, 0x00, 0x00, 0x00, 0x00, 0x00, 0x00, 0x00,
    0x00, 0x00, 0x00, 0x00, 0x00, 0x00, 0x00, 0x00, 0x00, 0x00, 0x00, 0x00, 0x00, 0x00, 0x00, 0x00,
    0x00, 0x00, 0x00, 0x00, 0x00, 0x00, 0x00, 0x00, 0x00, 0x00, 0x00, 0x00, 0x00, 0x00, 0x00, 0x00,
    0x08, 0x00, 0x00, 0x00, 0x0e, 0x00, 0x00, 0x00, 0x0f, 0x80, 0x00, 0x00, 0x0f, 0xe0, 0x00, 0x00,
    0x0f, 0xf8, 0x00, 0x00, 0x01, 0xfe, 0x00, 0x00, 0x00, 0x7f, 0xc0, 0x00, 0x00, 0x1f, 0xf0, 0x00,
    0x00, 0x03, 0xf8, 0x00, 0x00, 0x00, 0xf8, 0x00, 0x00, 0x00, 0x38, 0x00, 0x00, 0x00, 0xf8, 0x00,
    0x00, 0x07, 0xf8, 0x00, 0x00, 0x1f, 0xf0, 0x00, 0x00, 0x7f, 0xc0, 0x00, 0x03, 0xff, 0x00, 0x00,
    0x0f, 0xfc, 0x00, 0x00, 0x0f, 0xe0, 0x00, 0x00, 0x0f, 0x80, 0x00, 0x00, 0x0e, 0x00, 0x00, 0x00,
    0x08, 0x00, 0x00, 0x00, 0x00, 0x00, 0x00, 0x00, 0x00, 0x00, 0x00, 0x00, 0x00, 0x00, 0x00, 0x00,
    0x00, 0x00, 0x00, 0x00, 0x00, 0x00, 0x00, 0x00, 0x00, 0x00, 0x00, 0x00, 0x00, 0x00, 0x00, 0x00,
    0x00, 0x00, 0x00, 0x00, 0x00, 0x00, 0x00, 0x00, 0x00, 0x00, 0x00, 0x00, 0x00, 0x00, 0x00, 0x00,
    0x00, 0x00, 0x00, 0x00, 0x00, 0x00, 0x00, 0x00, 0x00, 0x00, 0x00, 0x00, 0x00, 0x00, 0x00, 0x00,
    0x00, 0x00, 0x00, 0x00, 0x00, 0x00, 0x00, 0x00, 0x03, 0xfe, 0x00, 0x00, 0x03, 0xff, 0x80, 0x00,
    0x03, 0xff, 0xc0, 0x00, 0x03, 0xff, 0xc0, 0x00, 0x00, 0x03, 0xe0, 0x00, 0x00, 0x01, 0xe0, 0x00,
    0x00, 0x01, 0xe0, 0x00, 0x00, 0x01, 0xe0, 0x00, 0x00, 0x01, 0xe0, 0x00, 0x00, 0x01, 0xe0, 0x00,
    0x00, 0x01, 0xe0, 0x00, 0x00, 0x01, 0xe0, 0x00, 0x00, 0x03, 0xe0, 0x00, 0x00, 0x07, 0xc0, 0x00,
    0x00, 0x0f, 0x80, 0x00, 0x00, 0x1f, 0x00, 0x00, 0x00, 0x3e, 0x00, 0x00, 0x00, 0x7c, 0x00, 0x00,
    0x00, 0x78, 0x00, 0x00, 0x00, 0x78, 0x00, 0x00, 0x00, 0x78, 0x00, 0x00, 0x00, 0x78, 0x00, 0x00,
    0x00, 0x78, 0x00, 0x00, 0x00, 0x00, 0x00, 0x00, 0x00, 0x00, 0x00, 0x00, 0x00, 0x00, 0x00, 0x00,
    0x00, 0x00, 0x00, 0x00, 0x00, 0x7c, 0x00, 0x00, 0x00, 0x7c, 0x00, 0x00, 0x00, 0x7c, 0x00, 0x00,
    0x00, 0x7c, 0x00, 0x00, 0x00, 0x7c, 0x00, 0x00, 0x00, 0x00, 0x00, 0x00, 0x00, 0x00, 0x00, 0x00,
    0x00, 0x00, 0x00, 0x00, 0x00, 0x00, 0x00, 0x00, 0x00, 0x00, 0x00, 0x00, 0x00, 0x00, 0x00, 0x00,
    0x00, 0x00, 0x00, 0x00, 0x00, 0x00, 0x00, 0x00, 0x00, 0x00, 0x00, 0x00, 0x00, 0x00, 0x00, 0x00,
    0x00, 0x00, 0x00, 0x00, 0x00, 0x00, 0x00, 0x00, 0x07, 0xff, 0xf0, 0x00, 0x1f, 0xff, 0xf8, 0x00,
    0x3f, 0xff, 0xfc, 0x00, 0x78, 0x00, 0x1e, 0x00, 0x70, 0x00, 0x0e, 0x00, 0x70, 0x00, 0x0e, 0x00,
    0x70, 0x00, 0x0e, 0x00, 0x70, 0x3f, 0x8e, 0x00, 0x70, 0xff, 0x8e, 0x00, 0x70, 0xff, 0x8e, 0x00,
    0x71, 0xe3, 0x8e, 0x00, 0x71, 0xc3, 0x8e, 0x00, 0x71, 0xc3, 0x8e, 0x00, 0x71, 0xc3, 0x8e, 0x00,
    0x71, 0xc3, 0x8e, 0x00, 0x71, 0xc3, 0x8e, 0x00, 0x71, 0xc3, 0x8e, 0x00, 0x71, 0xc3, 0x8e, 0x00,
    0x71, 0xc3, 0x8e, 0x00, 0x71, 0xc3, 0x8e, 0x00, 0x71, 0xc3, 0x8e, 0x00, 0x71, 0xc3, 0x8e, 0x00,
    0x71, 0xc7, 0x8e, 0x00, 0x71, 0xff, 0x8e, 0x00, 0x70, 0xff, 0xfe, 0x00, 0x70, 0x7d, 0xfc, 0x00,
    0x70, 0x00, 0xf8, 0x00, 0x70, 0x00, 0x00, 0x00, 0x78, 0x00, 0x00, 0x00, 0x3f, 0xff, 0x00, 0x00,
    0x3f, 0xff, 0x00, 0x00, 0x0f, 0xff, 0x00, 0x00, 0x00, 0x00, 0x00, 0x00, 0x00, 0x00, 0x00, 0x00,
    0x00, 0x00, 0x00, 0x00, 0x00, 0x00, 0x00, 0x00, 0x00, 0x00, 0x00, 0x00, 0x00, 0x00, 0x00, 0x00,
    0x00, 0x00, 0x00, 0x00, 0x00, 0x00, 0x00, 0x00, 0x00, 0x00, 0x00, 0x00, 0x00, 0x00, 0x00, 0x00,
    0x00, 0x00, 0x00, 0x00, 0x00, 0x00, 0x00, 0x00, 0x00, 0x3e, 0x00, 0x00, 0x00, 0x7f, 0x00, 0x00,
    0x00, 0x7f, 0x00, 0x00, 0x00, 0x7f, 0x00, 0x00, 0x00, 0x77, 0x00, 0x00, 0x00, 0xf7, 0x00, 0x00,
    0x00, 0xf7, 0x80, 0x00, 0x00, 0xf7, 0x80, 0x00, 0x00, 0xe3, 0x80, 0x00, 0x00, 0xe3, 0x80, 0x00,
    0x01, 0xe3, 0xc0, 0x00, 0x01, 0xe3, 0xc0, 0x00, 0x01, 0xe3, 0xc0, 0x00, 0x01, 0xc1, 0xc0, 0x00,
    0x03, 0xc1, 0xe0, 0x00, 0x03, 0xc1, 0xe0, 0x00, 0x03, 0xc1, 0xe0, 0x00, 0x03, 0x81, 0xe0, 0x00,
    0x07, 0x80, 0xf0, 0x00, 0x07, 0x80, 0xf0, 0x00, 0x07, 0x80, 0xf0, 0x00, 0x07, 0xff, 0xf0, 0x00,
    0x0f, 0xff, 0xf8, 0x00, 0x0f, 0xff, 0xf8, 0x00, 0x0f, 0x00, 0x78, 0x00, 0x0f, 0x00, 0x78, 0x00,
    0x1e, 0x00, 0x78, 0x00, 0x1e, 0x00, 0x3c, 0x00, 0x1e, 0x00, 0x3c, 0x00, 0x1e, 0x00, 0x3c, 0x00,
    0x3e, 0x00, 0x3c, 0x00, 0x3c, 0x00, 0x1e, 0x00, 0x00, 0x00, 0x00, 0x00, 0x00, 0x00, 0x00, 0x00,
    0x00, 0x00, 0x00, 0x00, 0x00, 0x00, 0x00, 0x00, 0x00, 0x00, 0x00, 0x00, 0x00, 0x00, 0x00, 0x00,
    0x00, 0x00, 0x00, 0x00, 0x00, 0x00, 0x00, 0x00, 0x00, 0x00, 0x00, 0x00, 0x00, 0x00, 0x00, 0x00,
    0x00, 0x00, 0x00, 0x00, 0x00, 0x00, 0x00, 0x00, 0x0f, 0xff, 0x00, 0x00, 0x0f, 0xff, 0xc0, 0x00,
    0x0f, 0xff, 0xe0, 0x00, 0x0f, 0x01, 0xe0, 0x00, 0x0f, 0x00, 0xf0, 0x00, 0x0f, 0x00, 0xf0, 0x00,
    0x0f, 0x00, 0xf0, 0x00, 0x0f, 0x00, 0xf0, 0x00, 0x0f, 0x00, 0xf0, 0x00, 0x0f, 0x00, 0xf0, 0x00,
    0x0f, 0x00, 0xf0, 0x00, 0x0f, 0x00, 0xf0, 0x00, 0x0f, 0x01, 0xf0, 0x00, 0x0f, 0x01, 0xe0, 0x00,
    0x0f, 0xff, 0xc0, 0x00, 0x0f, 0xff, 0xc0, 0x00, 0x0f, 0xff, 0xe0, 0x00, 0x0f, 0x01, 0xe0, 0x00,
    0x0f, 0x00, 0xf0, 0x00, 0x0f, 0x00, 0xf0, 0x00, 0x0f, 0x00, 0xf0, 0x00, 0x0f, 0x00, 0xf0, 0x00,
    0x0f, 0x00, 0xf0, 0x00, 0x0f, 0x00, 0xf0, 0x00, 0x0f, 0x00, 0xf0, 0x00, 0x0f, 0x00, 0xf0, 0x00,
    0x0f, 0x00, 0xf0, 0x00, 0x0f, 0x00, 0xf0, 0x00, 0x0f, 0x01, 0xe0, 0x00, 0x0f, 0xff, 0xe0, 0x00,
    0x0f, 0xff, 0xc0, 0x00, 0x0f, 0xff, 0x00, 0x00, 0x00, 0x00, 0x00, 0x00, 0x00, 0x00, 0x00, 0x00,
    0x00, 0x00, 0x00, 0x00, 0x00, 0x00, 0x00, 0x00, 0x00, 0x00, 0x00, 0x00, 0x00, 0x00, 0x00, 0x00,
    0x00, 0x00, 0x00, 0x00, 0x00, 0x00, 0x00, 0x00, 0x00, 0x00, 0x00, 0x00, 0x00, 0x00, 0x00, 0x00,
    0x00, 0x00, 0x00, 0x00, 0x00, 0x00, 0x00, 0x00, 0x00, 0x3f, 0xf0, 0x00, 0x00, 0xff, 0xf0, 0x00,
    0x01, 0xff, 0xf0, 0x00, 0x03, 0xff, 0xf0, 0x00, 0x07, 0xe0, 0x00, 0x00, 0x07, 0xc0, 0x00, 0x00,
    0x07, 0x80, 0x00, 0x00, 0x07, 0x80, 0x00, 0x00, 0x07, 0x80, 0x00, 0x00, 0x07, 0x80, 0x00, 0x00,
    0x07, 0x80, 0x00, 0x00, 0x07, 0x80, 0x00, 0x00, 0x07, 0x80, 0x00, 0x00, 0x07, 0x80, 0x00, 0x00,
    0x07, 0x80, 0x00, 0x00, 0x07, 0x80, 0x00, 0x00, 0x07, 0x80, 0x00, 0x00, 0x07, 0x80, 0x00, 0x00,
    0x07, 0x80, 0x00, 0x00, 0x07, 0x80, 0x00, 0x00, 0x07, 0x80, 0x00, 0x00, 0x07, 0x80, 0x00, 0x00,
    0x07, 0x80, 0x00, 0x00, 0x07, 0x80, 0x00, 0x00, 0x07, 0x80, 0x00, 0x00, 0x07, 0x80, 0x00, 0x00,
    0x07, 0xc0, 0x00, 0x00, 0x07, 0xe0, 0x00, 0x00, 0x03, 0xff, 0xf0, 0x00, 0x01, 0xff, 0xf0, 0x00,
    0x00, 0xff, 0xf0, 0x00, 0x00, 0x3f, 0xf0, 0x00, 0x00, 0x00, 0x00, 0x00, 0x00, 0x00, 0x00, 0x00,
    0x00, 0x00, 0x00, 0x00, 0x00, 0x00, 0x00, 0x00, 0x00, 0x00, 0x00, 0x00, 0x00, 0x00, 0x00, 0x00,
    0x00, 0x00, 0x00, 0x00, 0x00, 0x00, 0x00, 0x00, 0x00, 0x00, 0x00, 0x00, 0x00, 0x00, 0x00, 0x00,
    0x00, 0x00, 0x00, 0x00, 0x00, 0x00, 0x00, 0x00, 0x0f, 0xff, 0x80, 0x00, 0x0f, 0xff, 0xe0, 0x00,
    0x0f, 0xff, 0xf0, 0x00, 0x0f, 0x00, 0xf0, 0x00, 0x0f, 0x00, 0xf8, 0x00, 0x0f, 0x00, 0x78, 0x00,
    0x0f, 0x00, 0x78, 0x00, 0x0f, 0x00, 0x78, 0x00, 0x0f, 0x00, 0x78, 0x00, 0x0f, 0x00, 0x78, 0x00,
    0x0f, 0x00, 0x78, 0x00, 0x0f, 0x00, 0x78, 0x00, 0x0f, 0x00, 0x78, 0x00, 0x0f, 0x00, 0x78, 0x00,
    0x0f, 0x00, 0x78, 0x00, 0x0f, 0x00, 0x78, 0x00, 0x0f, 0x00, 0x78, 0x00, 0x0f, 0x00, 0x78, 0x00,
    0x0f, 0x00, 0x78, 0x00, 0x0f, 0x00, 0x78, 0x00, 0x0f, 0x00, 0x78, 0x00, 0x0f, 0x00, 0x78, 0x00,
    0x0f, 0x00, 0x78, 0x00, 0x0f, 0x00, 0x78, 0x00, 0x0f, 0x00, 0x78, 0x00, 0x0f, 0x00, 0x78, 0x00,
    0x0f, 0x00, 0x78, 0x00, 0x0f, 0x00, 0x78, 0x00, 0x0f, 0x00, 0xf0, 0x00, 0x0f, 0xff, 0xf0, 0x00,
    0x0f, 0xff, 0xe0, 0x00, 0x0f, 0xff, 0x80, 0x00, 0x00, 0x00, 0x00, 0x00, 0x00, 0x00, 0x00, 0x00,
    0x00, 0x00, 0x00, 0x00, 0x00, 0x00, 0x00, 0x00, 0x00, 0x00, 0x00, 0x00, 0x00, 0x00, 0x00, 0x00,
    0x00, 0x00, 0x00, 0x00, 0x00, 0x00, 0x00, 0x00, 0x00, 0x00, 0x00, 0x00, 0x00, 0x00, 0x00, 0x00,
    0x00, 0x00, 0x00, 0x00, 0x00, 0x00, 0x00, 0x00, 0x07, 0xff, 0xf0, 0x00, 0x07, 0xff, 0xf0, 0x00,
    0x07, 0xff, 0xf0, 0x00, 0x07, 0x80, 0x00, 0x00, 0x07, 0x80, 0x00, 0x00, 0x07, 0x80, 0x00, 0x00,
    0x07, 0x80, 0x00, 0x00, 0x07, 0x80, 0x00, 0x00, 0x07, 0x80, 0x00, 0x00, 0x07, 0x80, 0x00, 0x00,
    0x07, 0x80, 0x00, 0x00, 0x07, 0x80, 0x00, 0x00, 0x07, 0x80, 0x00, 0x00, 0x07, 0x80, 0x00, 0x00,
    0x07, 0xff, 0xe0, 0x00, 0x07, 0xff, 0xe0, 0x00, 0x07, 0xff, 0xe0, 0x00, 0x07, 0x80, 0x00, 0x00,
    0x07, 0x80, 0x00, 0x00, 0x07, 0x80, 0x00, 0x00, 0x07, 0x80, 0x00, 0x00, 0x07, 0x80, 0x00, 0x00,
    0x07, 0x80, 0x00, 0x00, 0x07, 0x80, 0x00, 0x00, 0x07, 0x80, 0x00, 0x00, 0x07, 0x80, 0x00, 0x00,
    0x07, 0x80, 0x00, 0x00, 0x07, 0x80, 0x00, 0x00, 0x07, 0x80, 0x00, 0x00, 0x07, 0xff, 0xf0, 0x00,
    0x07, 0xff, 0xf0, 0x00, 0x07, 0xff, 0xf0, 0x00, 0x00, 0x00, 0x00, 0x00, 0x00, 0x00, 0x00, 0x00,
    0x00, 0x00, 0x00, 0x00, 0x00, 0x00, 0x00, 0x00, 0x00, 0x00, 0x00, 0x00, 0x00, 0x00, 0x00, 0x00,
    0x00, 0x00, 0x00, 0x00, 0x00, 0x00, 0x00, 0x00, 0x00, 0x00, 0x00, 0x00, 0x00, 0x00, 0x00, 0x00,
    0x00, 0x00, 0x00, 0x00, 0x00, 0x00, 0x00, 0x00, 0x07, 0xff, 0xf0, 0x00, 0x07, 0xff, 0xf0, 0x00,
    0x07, 0xff, 0xf0, 0x00, 0x07, 0x80, 0x00, 0x00, 0x07, 0x80, 0x00, 0x00, 0x07, 0x80, 0x00, 0x00,
    0x07, 0x80, 0x00, 0x00, 0x07, 0x80, 0x00, 0x00, 0x07, 0x80, 0x00, 0x00, 0x07, 0x80, 0x00, 0x00,
    0x07, 0x80, 0x00, 0x00, 0x07, 0x80, 0x00, 0x00, 0x07, 0x80, 0x00, 0x00, 0x07, 0x80, 0x00, 0x00,
    0x07, 0xff, 0xe0, 0x00, 0x07, 0xff, 0xe0, 0x00, 0x07, 0xff, 0xe0, 0x00, 0x07, 0x80, 0x00, 0x00,
    0x07, 0x80, 0x00, 0x00, 0x07, 0x80, 0x00, 0x00, 0x07, 0x80, 0x00, 0x00, 0x07, 0x80, 0x00, 0x00,
    0x07, 0x80, 0x00, 0x00, 0x07, 0x80, 0x00, 0x00, 0x07, 0x80, 0x00, 0x00, 0x07, 0x80, 0x00, 0x00,
    0x07, 0x80, 0x00, 0x00, 0x07, 0x80, 0x00, 0x00, 0x07, 0x80, 0x00, 0x00, 0x07, 0x80, 0x00, 0x00,
    0x07, 0x80, 0x00, 0x00, 0x07, 0x80, 0x00, 0x00, 0x00, 0x00, 0x00, 0x00, 0x00, 0x00, 0x00, 0x00,
    0x00, 0x00, 0x00, 0x00, 0x00, 0x00, 0x00, 0x00, 0x00, 0x00, 0x00, 0x00, 0x00, 0x00, 0x00, 0x00,
    0x00, 0x00, 0x00, 0x00, 0x00, 0x00, 0x00, 0x00, 0x00, 0x00, 0x00, 0x00, 0x00, 0x00, 0x00, 0x00,
    0x00, 0x00, 0x00, 0x00, 0x00, 0x00, 0x00, 0x00, 0x00, 0x7f, 0xe0, 0x00, 0x01, 0xff, 0xe0, 0x00,
    0x03, 0xff, 0xe0, 0x00, 0x07, 0xff, 0xe0, 0x00, 0x0f, 0xc0, 0x00, 0x00, 0x0f, 0x80, 0x00, 0x00,
    0x0f, 0x00, 0x00, 0x00, 0x0f, 0x00, 0x00, 0x00, 0x0f, 0x00, 0x00, 0x00, 0x0f, 0x00, 0x00, 0x00,
    0x0f, 0x00, 0x00, 0x00, 0x0f, 0x00, 0x00, 0x00, 0x0f, 0x00, 0x00, 0x00, 0x0f, 0x00, 0x00, 0x00,
    0x0f, 0x00, 0x00, 0x00, 0x0f, 0x07, 0xf8, 0x00, 0x0f, 0x07, 0xf8, 0x00, 0x0f, 0x07, 0xf8, 0x00,
    0x0f, 0x00, 0x78, 0x00, 0x0f, 0x00, 0x78, 0x00, 0x0f, 0x00, 0x78, 0x00, 0x0f, 0x00, 0x78, 0x00,
    0x0f, 0x00, 0x78, 0x00, 0x0f, 0x00, 0x78, 0x00, 0x0f, 0x00, 0x78, 0x00, 0x0f, 0x00, 0x78, 0x00,
    0x0f, 0x80, 0x78, 0x00, 0x0f, 0xc0, 0x78, 0x00, 0x07, 0xff, 0xf8, 0x00, 0x03, 0xff, 0xf8, 0x00,
    0x01, 0xff, 0xf8, 0x00, 0x00, 0x7f, 0xf8, 0x00, 0x00, 0x00, 0x00, 0x00, 0x00, 0x00, 0x00, 0x00,
    0x00, 0x00, 0x00, 0x00, 0x00, 0x00, 0x00, 0x00, 0x00, 0x00, 0x00, 0x00, 0x00, 0x00, 0x00, 0x00,
    0x00, 0x00, 0x00, 0x00, 0x00, 0x00, 0x00, 0x00, 0x00, 0x00, 0x00, 0x00, 0x00, 0x00, 0x00, 0x00,
    0x00, 0x00, 0x00, 0x00, 0x00, 0x00, 0x00, 0x00, 0x0f, 0x00, 0x78, 0x00, 0x0f, 0x00, 0x78, 0x00,
    0x0f, 0x00, 0x78, 0x00, 0x0f, 0x00, 0x78, 0x00, 0x0f, 0x00, 0x78, 0x00, 0x0f, 0x00, 0x78, 0x00,
    0x0f, 0x00, 0x78, 0x00, 0x0f, 0x00, 0x78, 0x00, 0x0f, 0x00, 0x78, 0x00, 0x0f, 0x00, 0x78, 0x00,
    0x0f, 0x00, 0x78, 0x00, 0x0f, 0x00, 0x78, 0x00, 0x0f, 0x00, 0x78, 0x00, 0x0f, 0x00, 0x78, 0x00,
    0x0f, 0xff, 0xf8, 0x00, 0x0f, 0xff, 0xf8, 0x00, 0x0f, 0xff, 0xf8, 0x00, 0x0f, 0x00, 0x78, 0x00,
    0x0f, 0x00, 0x78, 0x00, 0x0f, 0x00, 0x78, 0x00, 0x0f, 0x00, 0x78, 0x00, 0x0f, 0x00, 0x78, 0x00,
    0x0f, 0x00, 0x78, 0x00, 0x0f, 0x00, 0x78, 0x00, 0x0f, 0x00, 0x78, 0x00, 0x0f, 0x00, 0x78, 0x00,
    0x0f, 0x00, 0x78, 0x00, 0x0f, 0x00, 0x78, 0x00, 0x0f, 0x00, 0x78, 0x00, 0x0f, 0x00, 0x78, 0x00,
    0x0f, 0x00, 0x78, 0x00, 0x0f, 0x00, 0x78, 0x00, 0x00, 0x00, 0x00, 0x00, 0x00, 0x00, 0x00, 0x00,
    0x00, 0x00, 0x00, 0x00, 0x00, 0x00, 0x00, 0x00, 0x00, 0x00, 0x00, 0x00, 0x00, 0x00, 0x00, 0x00,
    0x00, 0x00, 0x00, 0x00, 0x00, 0x00, 0x00, 0x00, 0x00, 0x00, 0x00, 0x00, 0x00, 0x00, 0x00, 0x00,
    0x00, 0x00, 0x00, 0x00, 0x00, 0x00, 0x00, 0x00, 0x03, 0xff, 0xc0, 0x00, 0x03, 0xff, 0xc0, 0x00,
    0x03, 0xff, 0xc0, 0x00, 0x00, 0x3c, 0x00, 0x00, 0x00, 0x3c, 0x00, 0x00, 0x00, 0x3c, 0x00, 0x00,
    0x00, 0x3c, 0x00, 0x00, 0x00, 0x3c, 0x00, 0x00, 0x00, 0x3c, 0x00, 0x00, 0x00, 0x3c, 0x00, 0x00,
    0x00, 0x3c, 0x00, 0x00, 0x00, 0x3c, 0x00, 0x00, 0x00, 0x3c, 0x00, 0x00, 0x00, 0x3c, 0x00, 0x00,
    0x00, 0x3c, 0x00, 0x00, 0x00, 0x3c, 0x00, 0x00, 0x00, 0x3c, 0x00, 0x00, 0x00, 0x3c, 0x00, 0x00,
    0x00, 0x3c, 0x00, 0x00, 0x00, 0x3c, 0x00, 0x00, 0x00, 0x3c, 0x00, 0x00, 0x00, 0x3c, 0x00, 0x00,
    0x00, 0x3c, 0x00, 0x00, 0x00, 0x3c, 0x00, 0x00, 0x00, 0x3c, 0x00, 0x00, 0x00, 0x3c, 0x00, 0x00,
    0x00, 0x3c, 0x00, 0x00, 0x00, 0x3c, 0x00, 0x00, 0x00, 0x3c, 0x00, 0x00, 0x03, 0xff, 0xc0, 0x00,
    0x03, 0xff, 0xc0, 0x00, 0x03, 0xff, 0xc0, 0x00, 0x00, 0x00, 0x00, 0x00, 0x00, 0x00, 0x00, 0x00,
    0x00, 0x00, 0x00, 0x00, 0x00, 0x00, 0x00, 0x00, 0x00, 0x00, 0x00, 0x00, 0x00, 0x00, 0x00, 0x00,
    0x00, 0x00, 0x00, 0x00, 0x00, 0x00, 0x00, 0x00, 0x00, 0x00, 0x00, 0x00, 0x00, 0x00, 0x00, 0x00,
    0x00, 0x00, 0x00, 0x00, 0x00, 0x00, 0x00, 0x00, 0x00, 0xff, 0xe0, 0x00, 0x00, 0xff, 0xe0, 0x00,
    0x00, 0xff, 0xe0, 0x00, 0x00, 0x01, 0xe0, 0x00, 0x00, 0x01, 0xe0, 0x00, 0x00, 0x01, 0xe0, 0x00,
    0x00, 0x01, 0xe0, 0x00, 0x00, 0x01, 0xe0, 0x00, 0x00, 0x01, 0xe0, 0x00, 0x00, 0x01, 0xe0, 0x00,
    0x00, 0x01, 0xe0, 0x00, 0x00, 0x01, 0xe0, 0x00, 0x00, 0x01, 0xe0, 0x00, 0x00, 0x01, 0xe0, 0x00,
    0x00, 0x01, 0xe0, 0x00, 0x00, 0x01, 0xe0, 0x00, 0x00, 0x01, 0xe0, 0x00, 0x00, 0x01, 0xe0, 0x00,
    0x00, 0x01, 0xe0, 0x00, 0x00, 0x01, 0xe0, 0x00, 0x00, 0x01, 0xe0, 0x00, 0x00, 0x01, 0xe0, 0x00,
    0x00, 0x01, 0xe0, 0x00, 0x00, 0x01, 0xe0, 0x00, 0x00, 0x01, 0xe0, 0x00, 0x00, 0x01, 0xe0, 0x00,
    0x00, 0x03, 0xe0, 0x00, 0x00, 0x07, 0xc0, 0x00, 0x03, 0xff, 0xc0, 0x00, 0x03, 0xff, 0x80, 0x00,
    0x03, 0xff, 0x00, 0x00, 0x03, 0xfc, 0x00, 0x00, 0x00, 0x00, 0x00, 0x00, 0x00, 0x00, 0x00, 0x00,
    0x00, 0x00, 0x00, 0x00, 0x00, 0x00, 0x00, 0x00, 0x00, 0x00, 0x00, 0x00, 0x00, 0x00, 0x00, 0x00,
    0x00, 0x00, 0x00, 0x00, 0x00, 0x00, 0x00, 0x00, 0x00, 0x00, 0x00, 0x00, 0x00, 0x00, 0x00, 0x00,
    0x00, 0x00, 0x00, 0x00, 0x00, 0x00, 0x00, 0x00, 0x0f, 0x00, 0xf8, 0x00, 0x0f, 0x00, 0xf0, 0x00,
    0x0f, 0x01, 0xf0, 0x00, 0x0f, 0x01, 0xe0, 0x00, 0x0f, 0x03, 0xc0, 0x00, 0x0f, 0x07, 0xc0, 0x00,
    0x0f, 0x07, 0x80, 0x00, 0x0f, 0x0f, 0x00, 0x00, 0x0f, 0x1f, 0x00, 0x00, 0x0f, 0x1e, 0x00, 0x00,
    0x0f, 0x3e, 0x00, 0x00, 0x0f, 0x7c, 0x00, 0x00, 0x0f, 0x78, 0x00, 0x00, 0x0f, 0xf8, 0x00, 0x00,
    0x0f, 0xf0, 0x00, 0x00, 0x0f, 0xf8, 0x00, 0x00, 0x0f, 0xf8, 0x00, 0x00, 0x0f, 0xfc, 0x00, 0x00,
    0x0f, 0xbe, 0x00, 0x00, 0x0f, 0x1e, 0x00, 0x00, 0x0f, 0x1f, 0x00, 0x00, 0x0f, 0x0f, 0x00, 0x00,
    0x0f, 0x0f, 0x80, 0x00, 0x0f, 0x07, 0x80, 0x00, 0x0f, 0x07, 0xc0, 0x00, 0x0f, 0x03, 0xc0, 0x00,
    0x0f, 0x03, 0xe0, 0x00, 0x0f, 0x01, 0xe0, 0x00, 0x0f, 0x01, 0xf0, 0x00, 0x0f, 0x00, 0xf0, 0x00,
    0x0f, 0x00, 0xf8, 0x00, 0x0f, 0x00, 0x7c, 0x00, 0x00, 0x00, 0x00, 0x00, 0x00, 0x00, 0x00, 0x00,
    0x00, 0x00, 0x00, 0x00, 0x00, 0x00, 0x00, 0x00, 0x00, 0x00, 0x00, 0x00, 0x00, 0x00, 0x00, 0x00,
    0x00, 0x00, 0x00, 0x00, 0x00, 0x00, 0x00, 0x00, 0x00, 0x00, 0x00, 0x00, 0x00, 0x00, 0x00, 0x00,
    0x00, 0x00, 0x00, 0x00, 0x00, 0x00, 0x00, 0x00, 0x07, 0x80, 0x00, 0x00, 0x07, 0x80, 0x00, 0x00,
    0x07, 0x80, 0x00, 0x00, 0x07, 0x80, 0x00, 0x00, 0x07, 0x80, 0x00, 0x00, 0x07, 0x80, 0x00, 0x00,
    0x07, 0x80, 0x00, 0x00, 0x07, 0x80, 0x00, 0x00, 0x07, 0x80, 0x00, 0x00, 0x07, 0x80, 0x00, 0x00,
    0x07, 0x80, 0x00, 0x00, 0x07, 0x80, 0x00, 0x00, 0x07, 0x80, 0x00, 0x00, 0x07, 0x80, 0x00, 0x00,
    0x07, 0x80, 0x00, 0x00, 0x07, 0x80, 0x00, 0x00, 0x07, 0x80, 0x00, 0x00, 0x07, 0x80, 0x00, 0x00,
    0x07, 0x80, 0x00, 0x00, 0x07, 0x80, 0x00, 0x00, 0x07, 0x80, 0x00, 0x00, 0x07, 0x80, 0x00, 0x00,
    0x07, 0x80, 0x00, 0x00, 0x07, 0x80, 0x00, 0x00, 0x07, 0x80, 0x00, 0x00, 0x07, 0x80, 0x00, 0x00,
    0x07, 0x80, 0x00, 0x00, 0x07, 0x80, 0x00, 0x00, 0x07, 0xff, 0xe0, 0x00, 0x07, 0xff, 0xe0, 0x00,
    0x07, 0xff, 0xe0, 0x00, 0x07, 0xff, 0xe0, 0x00, 0x00, 0x00, 0x00, 0x00, 0x00, 0x00, 0x00, 0x00,
    0x00, 0x00, 0x00, 0x00, 0x00, 0x00, 0x00, 0x00, 0x00, 0x00, 0x00, 0x00, 0x00, 0x00, 0x00, 0x00,
    0x00, 0x00, 0x00, 0x00, 0x00, 0x00, 0x00, 0x00, 0x00, 0x00, 0x00, 0x00, 0x00, 0x00, 0x00, 0x00,
    0x00, 0x00, 0x00, 0x00, 0x00, 0x00, 0x00, 0x00, 0x3f, 0x80, 0xfe, 0x00, 0x3f, 0x80, 0xfe, 0x00,
    0x3f, 0x80, 0xfe, 0x00, 0x3f, 0xc0, 0xfe, 0x00, 0x3f, 0xc1, 0xfe, 0x00, 0x3d, 0xc1, 0xde, 0x00,
    0x3d, 0xc1, 0xde, 0x00, 0x3d, 0xc1, 0xde, 0x00, 0x3d, 0xe3, 0xde, 0x00, 0x3c, 0xe3, 0x9e, 0x00,
    0x3c, 0xe3, 0x9e, 0x00, 0x3c, 0xe3, 0x9e, 0x00, 0x3c, 0xf7, 0x9e, 0x00, 0x3c, 0x77, 0x1e, 0x00,
    0x3c, 0x77, 0x1e, 0x00, 0x3c, 0x77, 0x1e, 0x00, 0x3c, 0x7f, 0x1e, 0x00, 0x3c, 0x3e, 0x1e, 0x00,
    0x3c, 0x3e, 0x1e, 0x00, 0x3c, 0x3e, 0x1e, 0x00, 0x3c, 0x3e, 0x1e, 0x00, 0x3c, 0x00, 0x1e, 0x00,
    0x3c, 0x00, 0x1e, 0x00, 0x3c, 0x00, 0x1e, 0x00, 0x3c, 0x00, 0x1e, 0x00, 0x3c, 0x00, 0x1e, 0x00,
    0x3c, 0x00, 0x1e, 0x00, 0x3c, 0x00, 0x1e, 0x00, 0x3c, 0x00, 0x1e, 0x00, 0x3c, 0x00, 0x1e, 0x00,
    0x3c, 0x00, 0x1e, 0x00, 0x3c, 0x00, 0x1e, 0x00, 0x00, 0x00, 0x00, 0x00, 0x00, 0x00, 0x00, 0x00,
    0x00, 0x00, 0x00, 0x00, 0x00, 0x00, 0x00, 0x00, 0x00, 0x00, 0x00, 0x00, 0x00, 0x00, 0x00, 0x00,
    0x00, 0x00, 0x00, 0x00, 0x00, 0x00, 0x00, 0x00, 0x00, 0x00, 0x00, 0x00, 0x00, 0x00, 0x00, 0x00,
    0x00, 0x00, 0x00, 0x00, 0x00, 0x00, 0x00, 0x00, 0x0f, 0xc0, 0x78, 0x00, 0x0f, 0xe0, 0x78, 0x00,
    0x0f, 0xe0, 0x78, 0x00, 0x0f, 0xe0, 0x78, 0x00, 0x0f, 0xe0, 0x78, 0x00, 0x0f, 0xe0, 0x78, 0x00,
    0x0f, 0x70, 0x78, 0x00, 0x0f, 0x70, 0x78, 0x00, 0x0f, 0x70, 0x78, 0x00, 0x0f, 0x70, 0x78, 0x00,
    0x0f, 0x38, 0x78, 0x00, 0x0f, 0x38, 0x78, 0x00, 0x0f, 0x38, 0x78, 0x00, 0x0f, 0x38, 0x78, 0x00,
    0x0f, 0x1c, 0x78, 0x00, 0x0f, 0x1c, 0x78, 0x00, 0x0f, 0x1c, 0x78, 0x00, 0x0f, 0x1c, 0x78, 0x00,
    0x0f, 0x0e, 0x78, 0x00, 0x0f, 0x0e, 0x78, 0x00, 0x0f, 0x0e, 0x78, 0x00, 0x0f, 0x0e, 0x78, 0x00,
    0x0f, 0x07, 0x78, 0x00, 0x0f, 0x07, 0x78, 0x00, 0x0f, 0x07, 0x78, 0x00, 0x0f, 0x07, 0x78, 0x00,
    0x0f, 0x07, 0x78, 0x00, 0x0f, 0x03, 0xf8, 0x00, 0x0f, 0x03, 0xf8, 0x00, 0x0f, 0x03, 0xf8, 0x00,
    0x0f, 0x03, 0xf8, 0x00, 0x0f, 0x01, 0xf8, 0x00, 0x00, 0x00, 0x00, 0x00, 0x00, 0x00, 0x00, 0x00,
    0x00, 0x00, 0x00, 0x00, 0x00, 0x00, 0x00, 0x00, 0x00, 0x00, 0x00, 0x00, 0x00, 0x00, 0x00, 0x00,
    0x00, 0x00, 0x00, 0x00, 0x00, 0x00, 0x00, 0x00, 0x00, 0x00, 0x00, 0x00, 0x00, 0x00, 0x00, 0x00,
    0x00, 0x00, 0x00, 0x00, 0x00, 0x00, 0x00, 0x00, 0x00, 0xff, 0x80, 0x00, 0x03, 0xff, 0xe0, 0x00,
    0x07, 0xff, 0xf0, 0x00, 0x0f, 0xff, 0xf8, 0x00, 0x1f, 0x80, 0xfc, 0x00, 0x1f, 0x00, 0x7c, 0x00,
    0x1e, 0x00, 0x3c, 0x00, 0x1e, 0x00, 0x3c, 0x00, 0x1e, 0x00, 0x3c, 0x00, 0x1e, 0x00, 0x3c, 0x00,
    0x1e, 0x00, 0x3c, 0x00, 0x1e, 0x00, 0x3c, 0x00, 0x1e, 0x00, 0x3c, 0x00, 0x1e, 0x00, 0x3c, 0x00,
    0x1e, 0x00, 0x3c, 0x00, 0x1e, 0x00, 0x3c, 0x00, 0x1e, 0x00, 0x3c, 0x00, 0x1e, 0x00, 0x3c, 0x00,
    0x1e, 0x00, 0x3c, 0x00, 0x1e, 0x00, 0x3c, 0x00, 0x1e, 0x00, 0x3c, 0x00, 0x1e, 0x00, 0x3c, 0x00,
    0x1e, 0x00, 0x3c, 0x00, 0x1e, 0x00, 0x3c, 0x00, 0x1e, 0x00, 0x3c, 0x00, 0x1e, 0x00, 0x3c, 0x00,
    0x1f, 0x00, 0x7c, 0x00, 0x1f, 0x80, 0xf8, 0x00, 0x0f, 0xff, 0xf8, 0x00, 0x07, 0xff, 0xf0, 0x00,
    0x03, 0xff, 0xe0, 0x00, 0x00, 0xff, 0x80, 0x00, 0x00, 0x00, 0x00, 0x00, 0x00, 0x00, 0x00, 0x00,
    0x00, 0x00, 0x00, 0x00, 0x00, 0x00, 0x00, 0x00, 0x00, 0x00, 0x00, 0x00, 0x00, 0x00, 0x00, 0x00,
    0x00, 0x00, 0x00, 0x00, 0x00, 0x00, 0x00, 0x00, 0x00, 0x00, 0x00, 0x00, 0x00, 0x00, 0x00, 0x00,
    0x00, 0x00, 0x00, 0x00, 0x00, 0x00, 0x00, 0x00, 0x0f, 0xff, 0x80, 0x00, 0x0f, 0xff, 0xe0, 0x00,
    0x0f, 0xff, 0xf0, 0x00, 0x0f, 0x00, 0xf0, 0x00, 0x0f, 0x00, 0x78, 0x00, 0x0f, 0x00, 0x78, 0x00,
    0x0f, 0x00, 0x78, 0x00, 0x0f, 0x00, 0x78, 0x00, 0x0f, 0x00, 0x78, 0x00, 0x0f, 0x00, 0x78, 0x00,
    0x0f, 0x00, 0x78, 0x00, 0x0f, 0x00, 0x78, 0x00, 0x0f, 0x00, 0x78, 0x00, 0x0f, 0x00, 0x78, 0x00,
    0x0f, 0x00, 0x78, 0x00, 0x0f, 0x00, 0xf0, 0x00, 0x0f, 0xff, 0xf0, 0x00, 0x0f, 0xff, 0xe0, 0x00,
    0x0f, 0xff, 0x80, 0x00, 0x0f, 0x00, 0x00, 0x00, 0x0f, 0x00, 0x00, 0x00, 0x0f, 0x00, 0x00, 0x00,
    0x0f, 0x00, 0x00, 0x00, 0x0f, 0x00, 0x00, 0x00, 0x0f, 0x00, 0x00, 0x00, 0x0f, 0x00, 0x00, 0x00,
    0x0f, 0x00, 0x00, 0x00, 0x0f, 0x00, 0x00, 0x00, 0x0f, 0x00, 0x00, 0x00, 0x0f, 0x00, 0x00, 0x00,
    0x0f, 0x00, 0x00, 0x00, 0x0f, 0x00, 0x00, 0x00, 0x00, 0x00, 0x00, 0x00, 0x00, 0x00, 0x00, 0x00,
    0x00, 0x00, 0x00, 0x00, 0x00, 0x00, 0x00, 0x00, 0x00, 0x00, 0x00, 0x00, 0x00, 0x00, 0x00, 0x00,
    0x00, 0x00, 0x00, 0x00, 0x00, 0x00, 0x00, 0x00, 0x00, 0x00, 0x00, 0x00, 0x00, 0x00, 0x00, 0x00,
    0x00, 0x00, 0x00, 0x00, 0x00, 0x00, 0x00, 0x00, 0x00, 0xff, 0x80, 0x00, 0x03, 0xff, 0xe0, 0x00,
    0x07, 0xff, 0xf0, 0x00, 0x0f, 0xff, 0xf8, 0x00, 0x1f, 0x80, 0xfc, 0x00, 0x1f, 0x00, 0x7c, 0x00,
    0x1e, 0x00, 0x3c, 0x00, 0x1e, 0x00, 0x3c, 0x00, 0x1e, 0x00, 0x3c, 0x00, 0x1e, 0x00, 0x3c, 0x00,
    0x1e, 0x00, 0x3c, 0x00, 0x1e, 0x00, 0x3c, 0x00, 0x1e, 0x00, 0x3c, 0x00, 0x1e, 0x00, 0x3c, 0x00,
    0x1e, 0x00, 0x3c, 0x00, 0x1e, 0x00, 0x3c, 0x00, 0x1e, 0x00, 0x3c, 0x00, 0x1e, 0x00, 0x3c, 0x00,
    0x1e, 0x00, 0x3c, 0x00, 0x1e, 0x00, 0x3c, 0x00, 0x1e, 0x00, 0x3c, 0x00, 0x1e, 0x00, 0x3c, 0x00,
    0x1e, 0x00, 0x3c, 0x00, 0x1e, 0x00, 0x3c, 0x00, 0x1e, 0x00, 0x3c, 0x00, 0x1e, 0x00, 0x3c, 0x00,
    0x1f, 0x00, 0x7c, 0x00, 0x1f, 0x80, 0xfc, 0x00, 0x0f, 0xff, 0xf8, 0x00, 0x07, 0xff, 0xfc, 0x00,
    0x03, 0xff, 0xfe, 0x00, 0x00, 0xff, 0xbf, 0x00, 0x00, 0x00, 0x1f, 0x00, 0x00, 0x00, 0x0e, 0x00,
    0x00, 0x00, 0x04, 0x00, 0x00, 0x00, 0x00, 0x00, 0x00, 0x00, 0x00, 0x00, 0x00, 0x00, 0x00, 0x00,
    0x00, 0x00, 0x00, 0x00, 0x00, 0x00, 0x00, 0x00, 0x00, 0x00, 0x00, 0x00, 0x00, 0x00, 0x00, 0x00,
    0x00, 0x00, 0x00, 0x00, 0x00, 0x00, 0x00, 0x00, 0x1f, 0xff, 0x00, 0x00, 0x1f, 0xff, 0xc0, 0x00,
    0x1f, 0xff, 0xe0, 0x00, 0x1e, 0x01, 0xe0, 0x00, 0x1e, 0x00, 0xf0, 0x00, 0x1e, 0x00, 0xf0, 0x00,
    0x1e, 0x00, 0xf0, 0x00, 0x1e, 0x00, 0xf0, 0x00, 0x1e, 0x00, 0xf0, 0x00, 0x1e, 0x00, 0xf0, 0x00,
    0x1e, 0x00, 0xf0, 0x00, 0x1e, 0x00, 0xf0, 0x00, 0x1e, 0x00, 0xf0, 0x00, 0x1e, 0x00, 0xf0, 0x00,
    0x1e, 0x01, 0xf0, 0x00, 0x1f, 0xff, 0xe0, 0x00, 0x1f, 0xff, 0xc0, 0x00, 0x1f, 0xff, 0x80, 0x00,
    0x1e, 0x0f, 0x00, 0x00, 0x1e, 0x0f, 0x80, 0x00, 0x1e, 0x07, 0x80, 0x00, 0x1e, 0x07, 0xc0, 0x00,
    0x1e, 0x03, 0xc0, 0x00, 0x1e, 0x03, 0xe0, 0x00, 0x1e, 0x01, 0xe0, 0x00, 0x1e, 0x01, 0xe0, 0x00,
    0x1e, 0x00, 0xf0, 0x00, 0x1e, 0x00, 0xf0, 0x00, 0x1e, 0x00, 0xf8, 0x00, 0x1e, 0x00, 0x78, 0x00,
    0x1e, 0x00, 0x7c, 0x00, 0x1e, 0x00, 0x3c, 0x00, 0x00, 0x00, 0x00, 0x00, 0x00, 0x00, 0x00, 0x00,
    0x00, 0x00, 0x00, 0x00, 0x00, 0x00, 0x00, 0x00, 0x00, 0x00, 0x00, 0x00, 0x00, 0x00, 0x00, 0x00,
    0x00, 0x00, 0x00, 0x00, 0x00, 0x00, 0x00, 0x00, 0x00, 0x00, 0x00, 0x00, 0x00, 0x00, 0x00, 0x00,
    0x00, 0x00, 0x00, 0x00, 0x00, 0x00, 0x00, 0x00, 0x00, 0x3f, 0xf0, 0x00, 0x00, 0xff, 0xf0, 0x00,
    0x01, 0xff, 0xf0, 0x00, 0x03, 0xff, 0xf0, 0x00, 0x07, 0xe0, 0x00, 0x00, 0x07, 0x80, 0x00, 0x00,
    0x07, 0x80, 0x00, 0x00, 0x07, 0x80, 0x00, 0x00, 0x07, 0x80, 0x00, 0x00, 0x07, 0x80, 0x00, 0x00,
    0x07, 0x80, 0x00, 0x00, 0x07, 0x80, 0x00, 0x00, 0x07, 0xc0, 0x00, 0x00, 0x03, 0xff, 0x00, 0x00,
    0x03, 0xff, 0xc0, 0x00, 0x01, 0xff, 0xe0, 0x00, 0x00, 0x7f, 0xe0, 0x00, 0x00, 0x01, 0xf0, 0x00,
    0x00, 0x00, 0xf0, 0x00, 0x00, 0x00, 0xf0, 0x00, 0x00, 0x00, 0xf0, 0x00, 0x00, 0x00, 0xf0, 0x00,
    0x00, 0x00, 0xf0, 0x00, 0x00, 0x00, 0xf0, 0x00, 0x00, 0x00, 0xf0, 0x00, 0x00, 0x00, 0xf0, 0x00,
    0x00, 0x01, 0xf0, 0x00, 0x00, 0x03, 0xe0, 0x00, 0x07, 0xff, 0xe0, 0x00, 0x07, 0xff, 0xc0, 0x00,
    0x07, 0xff, 0x80, 0x00, 0x07, 0xfe, 0x00, 0x00, 0x00, 0x00, 0x00, 0x00, 0x00, 0x00, 0x00, 0x00,
    0x00, 0x00, 0x00, 0x00, 0x00, 0x00, 0x00, 0x00, 0x00, 0x00, 0x00, 0x00, 0x00, 0x00, 0x00, 0x00,
    0x00, 0x00, 0x00, 0x00, 0x00, 0x00, 0x00, 0x00, 0x00, 0x00, 0x00, 0x00, 0x00, 0x00, 0x00, 0x00,
    0x00, 0x00, 0x00, 0x00, 0x00, 0x00, 0x00, 0x00, 0x1f, 0xff, 0xf8, 0x00, 0x1f, 0xff, 0xf8, 0x00,
    0x1f, 0xff, 0xf8, 0x00, 0x1f, 0xff, 0xf8, 0x00, 0x00, 0x3c, 0x00, 0x00, 0x00, 0x3c, 0x00, 0x00,
    0x00, 0x3c, 0x00, 0x00, 0x00, 0x3c, 0x00, 0x00, 0x00, 0x3c, 0x00, 0x00, 0x00, 0x3c, 0x00, 0x00,
    0x00, 0x3c, 0x00, 0x00, 0x00, 0x3c, 0x00, 0x00, 0x00, 0x3c, 0x00, 0x00, 0x00, 0x3c, 0x00, 0x00,
    0x00, 0x3c, 0x00, 0x00, 0x00, 0x3c, 0x00, 0x00, 0x00, 0x3c, 0x00, 0x00, 0x00, 0x3c, 0x00, 0x00,
    0x00, 0x3c, 0x00, 0x00, 0x00, 0x3c, 0x00, 0x00, 0x00, 0x3c, 0x00, 0x00, 0x00, 0x3c, 0x00, 0x00,
    0x00, 0x3c, 0x00, 0x00, 0x00, 0x3c, 0x00, 0x00, 0x00, 0x3c, 0x00, 0x00, 0x00, 0x3c, 0x00, 0x00,
    0x00, 0x3c, 0x00, 0x00, 0x00, 0x3c, 0x00, 0x00, 0x00, 0x3c, 0x00, 0x00, 0x00, 0x3c, 0x00, 0x00,
    0x00, 0x3c, 0x00, 0x00, 0x00, 0x3c, 0x00, 0x00, 0x00, 0x00, 0x00, 0x00, 0x00, 0x00, 0x00, 0x00,
    0x00, 0x00, 0x00, 0x00, 0x00, 0x00, 0x00, 0x00, 0x00, 0x00, 0x00, 0x00, 0x00, 0x00, 0x00, 0x00,
    0x00, 0x00, 0x00, 0x00, 0x00, 0x00, 0x00, 0x00, 0x00, 0x00, 0x00, 0x00, 0x00, 0x00, 0x00, 0x00,
    0x00, 0x00, 0x00, 0x00, 0x00, 0x00, 0x00, 0x00, 0x0f, 0x00, 0x78, 0x00, 0x0f, 0x00, 0x78, 0x00,
    0x0f, 0x00, 0x78, 0x00, 0x0f, 0x00, 0x78, 0x00, 0x0f, 0x00, 0x78, 0x00, 0x0f, 0x00, 0x78, 0x00,
    0x0f, 0x00, 0x78, 0x00, 0x0f, 0x00, 0x78, 0x00, 0x0f, 0x00, 0x78, 0x00, 0x0f, 0x00, 0x78, 0x00,
    0x0f, 0x00, 0x78, 0x00, 0x0f, 0x00, 0x78, 0x00, 0x0f, 0x00, 0x78, 0x00, 0x0f, 0x00, 0x78, 0x00,
    0x0f, 0x00, 0x78, 0x00, 0x0f, 0x00, 0x78, 0x00, 0x0f, 0x00, 0x78, 0x00, 0x0f, 0x00, 0x78, 0x00,
    0x0f, 0x00, 0x78, 0x00, 0x0f, 0x00, 0x78, 0x00, 0x0f, 0x00, 0x78, 0x00, 0x0f, 0x00, 0x78, 0x00,
    0x0f, 0x00, 0x78, 0x00, 0x0f, 0x00, 0x78, 0x00, 0x0f, 0x00, 0x78, 0x00, 0x0f, 0x00, 0x78, 0x00,
    0x0f, 0x80, 0xf8, 0x00, 0x0f, 0xc1, 0xf8, 0x00, 0x07, 0xff, 0xf0, 0x00, 0x07, 0xff, 0xf0, 0x00,
    0x01, 0xff, 0xc0, 0x00, 0x00, 0xff, 0x00, 0x00, 0x00, 0x00, 0x00, 0x00, 0x00, 0x00, 0x00, 0x00,
    0x00, 0x00, 0x00, 0x00, 0x00, 0x00, 0x00, 0x00, 0x00, 0x00, 0x00, 0x00, 0x00, 0x00, 0x00, 0x00,
    0x00, 0x00, 0x00, 0x00, 0x00, 0x00, 0x00, 0x00, 0x00, 0x00, 0x00, 0x00, 0x00, 0x00, 0x00, 0x00,
    0x00, 0x00, 0x00, 0x00, 0x00, 0x00, 0x00, 0x00, 0x1e, 0x00, 0x3c, 0x00, 0x1e, 0x00, 0x3c, 0x00,
    0x1e, 0x00, 0x38, 0x00, 0x1e, 0x00, 0x78, 0x00, 0x0f, 0x00, 0x78, 0x00, 0x0f, 0x00, 0x78, 0x00,
    0x0f, 0x00, 0x78, 0x00, 0x0f, 0x00, 0xf0, 0x00, 0x0f, 0x00, 0xf0, 0x00, 0x07, 0x80, 0xf0, 0x00,
    0x07, 0x80, 0xf0, 0x00, 0x07, 0x80, 0xe0, 0x00, 0x07, 0x81, 0xe0, 0x00, 0x07, 0x81, 0xe0, 0x00,
    0x03, 0x81, 0xe0, 0x00, 0x03, 0xc1, 0xe0, 0x00, 0x03, 0xc1, 0xc0, 0x00, 0x03, 0xc3, 0xc0, 0x00,
    0x03, 0xc3, 0xc0, 0x00, 0x01, 0xc3, 0xc0, 0x00, 0x01, 0xe3, 0x80, 0x00, 0x01, 0xe3, 0x80, 0x00,
    0x01, 0xe7, 0x80, 0x00, 0x00, 0xe7, 0x80, 0x00, 0x00, 0xe7, 0x80, 0x00, 0x00, 0xf7, 0x00, 0x00,
    0x00, 0xff, 0x00, 0x00, 0x00, 0xff, 0x00, 0x00, 0x00, 0x7f, 0x00, 0x00, 0x00, 0x7e, 0x00, 0x00,
    0x00, 0x7e, 0x00, 0x00, 0x00, 0x7e, 0x00, 0x00, 0x00, 0x00, 0x00, 0x00, 0x00, 0x00, 0x00, 0x00,
    0x00, 0x00, 0x00, 0x00, 0x00, 0x00, 0x00, 0x00, 0x00, 0x00, 0x00, 0x00, 0x00, 0x00, 0x00, 0x00,
    0x00, 0x00, 0x00, 0x00, 0x00, 0x00, 0x00, 0x00, 0x00, 0x00, 0x00, 0x00, 0x00, 0x00, 0x00, 0x00,
    0x00, 0x00, 0x00, 0x00, 0x00, 0x00, 0x00, 0x00, 0x3c, 0x00, 0x1c, 0x00, 0x3c, 0x00, 0x1c, 0x00,
    0x3c, 0x00, 0x1c, 0x00, 0x1c, 0x00, 0x1c, 0x00, 0x1c, 0x00, 0x1c, 0x00, 0x1c, 0x00, 0x1c, 0x00,
    0x1c, 0x00, 0x1c, 0x00, 0x1c, 0x00, 0x1c, 0x00, 0x1c, 0x00, 0x1c, 0x00, 0x1c, 0x00, 0x1c, 0x00,
    0x1c, 0x00, 0x1c, 0x00, 0x1c, 0x00, 0x1c, 0x00, 0x1c, 0x00, 0x3c, 0x00, 0x1c, 0x1c, 0x3c, 0x00,
    0x1c, 0x1c, 0x3c, 0x00, 0x1c, 0x3c, 0x3c, 0x00, 0x1e, 0x3e, 0x3c, 0x00, 0x1e, 0x3e, 0x38, 0x00,
    0x1e, 0x3e, 0x38, 0x00, 0x1e, 0x7e, 0x38, 0x00, 0x1e, 0x77, 0x38, 0x00, 0x1e, 0x77, 0x38, 0x00,
    0x1e, 0x77, 0x38, 0x00, 0x1e, 0xe7, 0x38, 0x00, 0x0e, 0xe7, 0xb8, 0x00, 0x0e, 0xe3, 0xb8, 0x00,
    0x0e, 0xe3, 0xb8, 0x00, 0x0f, 0xc3, 0xb8, 0x00, 0x0f, 0xc3, 0xf8, 0x00, 0x0f, 0xc3, 0xf8, 0x00,
    0x0f, 0xc1, 0xf8, 0x00, 0x0f, 0xc1, 0xf8, 0x00, 0x00, 0x00, 0x00, 0x00, 0x00, 0x00, 0x00, 0x00,
    0x00, 0x00, 0x00, 0x00, 0x00, 0x00, 0x00, 0x00, 0x00, 0x00, 0x00, 0x00, 0x00, 0x00, 0x00, 0x00,
    0x00, 0x00, 0x00, 0x00, 0x00, 0x00, 0x00, 0x00, 0x00, 0x00, 0x00, 0x00, 0x00, 0x00, 0x00, 0x00,
    0x00, 0x00, 0x00, 0x00, 0x00, 0x00, 0x00, 0x00, 0x1f, 0x00, 0x7c, 0x00, 0x0f, 0x00, 0x78, 0x00,
    0x0f, 0x80, 0x78, 0x00, 0x07, 0x80, 0xf0, 0x00, 0x07, 0xc0, 0xf0, 0x00, 0x03, 0xc1, 0xe0, 0x00,
    0x03, 0xc1, 0xe0, 0x00, 0x01, 0xe3, 0xc0, 0x00, 0x01, 0xe3, 0xc0, 0x00, 0x00, 0xf7, 0x80, 0x00,
    0x00, 0xf7, 0x80, 0x00, 0x00, 0xff, 0x00, 0x00, 0x00, 0x7f, 0x00, 0x00, 0x00, 0x7f, 0x00, 0x00,
    0x00, 0x3e, 0x00, 0x00, 0x00, 0x3e, 0x00, 0x00, 0x00, 0x3e, 0x00, 0x00, 0x00, 0x7f, 0x00, 0x00,
    0x00, 0x7f, 0x00, 0x00, 0x00, 0xff, 0x80, 0x00, 0x00, 0xf7, 0x80, 0x00, 0x01, 0xf7, 0x80, 0x00,
    0x01, 0xe3, 0xc0, 0x00, 0x03, 0xe3, 0xc0, 0x00, 0x03, 0xc1, 0xe0, 0x00, 0x07, 0xc1, 0xe0, 0x00,
    0x07, 0x81, 0xf0, 0x00, 0x07, 0x80, 0xf0, 0x00, 0x0f, 0x00, 0xf8, 0x00, 0x0f, 0x00, 0x78, 0x00,
    0x1e, 0x00, 0x7c, 0x00, 0x3e, 0x00, 0x3e, 0x00, 0x00, 0x00, 0x00, 0x00, 0x00, 0x00, 0x00, 0x00,
    0x00, 0x00, 0x00, 0x00, 0x00, 0x00, 0x00, 0x00, 0x00, 0x00, 0x00, 0x00, 0x00, 0x00, 0x00, 0x00,
    0x00, 0x00, 0x00, 0x00, 0x00, 0x00, 0x00, 0x00, 0x00, 0x00, 0x00, 0x00, 0x00, 0x00, 0x00, 0x00,
    0x00, 0x00, 0x00, 0x00, 0x00, 0x00, 0x00, 0x00, 0x3c, 0x00, 0x3c, 0x00, 0x3e, 0x00, 0x7c, 0x00,
    0x1e, 0x00, 0x78, 0x00, 0x1f, 0x00, 0x78, 0x00, 0x0f, 0x00, 0xf0, 0x00, 0x0f, 0x80, 0xf0, 0x00,
    0x07, 0x81, 0xe0, 0x00, 0x07, 0xc1, 0xe0, 0x00, 0x03, 0xc3, 0xc0, 0x00, 0x03, 0xc3, 0xc0, 0x00,
    0x01, 0xe7, 0x80, 0x00, 0x01, 0xe7, 0x80, 0x00, 0x00, 0xf7, 0x00, 0x00, 0x00, 0xff, 0x00, 0x00,
    0x00, 0x7e, 0x00, 0x00, 0x00, 0x7e, 0x00, 0x00, 0x00, 0x3c, 0x00, 0x00, 0x00, 0x3c, 0x00, 0x00,
    0x00, 0x3c, 0x00, 0x00, 0x00, 0x3c, 0x00, 0x00, 0x00, 0x3c, 0x00, 0x00, 0x00, 0x3c, 0x00, 0x00,
    0x00, 0x3c, 0x00, 0x00, 0x00, 0x3c, 0x00, 0x00, 0x00, 0x3c, 0x00, 0x00, 0x00, 0x3c, 0x00, 0x00,
    0x00, 0x3c, 0x00, 0x00, 0x00, 0x3c, 0x00, 0x00, 0x00, 0x3c, 0x00, 0x00, 0x00, 0x3c, 0x00, 0x00,
    0x00, 0x3c, 0x00, 0x00, 0x00, 0x3c, 0x00, 0x00, 0x00, 0x00, 0x00, 0x00, 0x00, 0x00, 0x00, 0x00,
    0x00, 0x00, 0x00, 0x00, 0x00, 0x00, 0x00, 0x00, 0x00, 0x00, 0x00, 0x00, 0x00, 0x00, 0x00, 0x00,
    0x00, 0x00, 0x00, 0x00, 0x00, 0x00, 0x00, 0x00, 0x00, 0x00, 0x00, 0x00, 0x00, 0x00, 0x00, 0x00,
    0x00, 0x00, 0x00, 0x00, 0x00, 0x00, 0x00, 0x00, 0x07, 0xff, 0xf8, 0x00, 0x07, 0xff, 0xf8, 0x00,
    0x07, 0xff, 0xf8, 0x00, 0x00, 0x00, 0xf8, 0x00, 0x00, 0x00, 0xf8, 0x00, 0x00, 0x01, 0xf0, 0x00,
    0x00, 0x01, 0xf0, 0x00, 0x00, 0x03, 0xe0, 0x00, 0x00, 0x03, 0xe0, 0x00, 0x00, 0x07, 0xc0, 0x00,
    0x00, 0x07, 0xc0, 0x00, 0x00, 0x0f, 0x80, 0x00, 0x00, 0x0f, 0x80, 0x00, 0x00, 0x1f, 0x00, 0x00,
    0x00, 0x1f, 0x00, 0x00, 0x00, 0x3e, 0x00, 0x00, 0x00, 0x3e, 0x00, 0x00, 0x00, 0x7c, 0x00, 0x00,
    0x00, 0x78, 0x00, 0x00, 0x00, 0xf8, 0x00, 0x00, 0x00, 0xf0, 0x00, 0x00, 0x01, 0xf0, 0x00, 0x00,
    0x01, 0xe0, 0x00, 0x00, 0x03, 0xe0, 0x00, 0x00, 0x03, 0xc0, 0x00, 0x00, 0x07, 0xc0, 0x00, 0x00,
    0x07, 0x80, 0x00, 0x00, 0x0f, 0x80, 0x00, 0x00, 0x0f, 0x00, 0x00, 0x00, 0x0f, 0xff, 0xf0, 0x00,
    0x0f, 0xff, 0xf0, 0x00, 0x0f, 0xff, 0xf0, 0x00, 0x00, 0x00, 0x00, 0x00, 0x00, 0x00, 0x00, 0x00,
    0x00, 0x00, 0x00, 0x00, 0x00, 0x00, 0x00, 0x00, 0x00, 0x00, 0x00, 0x00, 0x00, 0x00, 0x00, 0x00,
    0x00, 0x00, 0x00, 0x00, 0x00, 0x00, 0x00, 0x00, 0x00, 0x00, 0x00, 0x00, 0x00, 0x00, 0x00, 0x00,
    0x00, 0x00, 0x00, 0x00, 0x00, 0x00, 0x00, 0x00, 0x00, 0x7f, 0x00, 0x00, 0x00, 0xff, 0x80, 0x00,
    0x01, 0xff, 0xc0, 0x00, 0x03, 0xc1, 0xe0, 0x00, 0x03, 0x80, 0xe0, 0x00, 0x03, 0x80, 0xe0, 0x00,
    0x03, 0x80, 0xe0, 0x00, 0x03, 0x80, 0xe0, 0x00, 0x03, 0x80, 0xe0, 0x00, 0x03, 0x80, 0xe0, 0x00,
    0x03, 0xc1, 0xe0, 0x00, 0x01, 0xff, 0xc0, 0x00, 0x00, 0xff, 0x80, 0x00, 0x00, 0x7f, 0x00, 0x00,
    0x00, 0x00, 0x00, 0x00, 0x00, 0x00, 0x00, 0x00, 0x00, 0x00, 0x00, 0x00, 0x00, 0x00, 0x00, 0x00,
    0x00, 0x00, 0x00, 0x00, 0x00, 0x00, 0x00, 0x00, 0x00, 0x00, 0x00, 0x00, 0x00, 0x00, 0x00, 0x00,
    0x00, 0x00, 0x00, 0x00, 0x00, 0x00, 0x00, 0x00, 0x00, 0x00, 0x00, 0x00, 0x00, 0x00, 0x00, 0x00,
    0x00, 0x00, 0x00, 0x00, 0x00, 0x00, 0x00, 0x00, 0x00, 0x00, 0x00, 0x00, 0x00, 0x00, 0x00, 0x00,
    0x00, 0x00, 0x00, 0x00, 0x00, 0x00, 0x00, 0x00, 0x00, 0x00, 0x00, 0x00, 0x00, 0x00, 0x00, 0x00,
    0x00, 0x00, 0x00, 0x00, 0x00, 0x00, 0x00, 0x00, 0x00, 0x00, 0x00, 0x00, 0x00, 0x00, 0x00, 0x00,
};

static const bitmap_font_t s_share_tech_mono_46 = {
    .width = 25,
    .height = 44,
    .stride = 4,
    .data = s_share_tech_mono_46_data,
};

static const bitmap_font_t *const s_share_tech_mono_fonts[] = {
    &s_share_tech_mono_17,
    &s_share_tech_mono_22,
    &s_share_tech_mono_30,
    &s_share_tech_mono_46,
};
